CREATE DATABASE  IF NOT EXISTS `dak` /*!40100 DEFAULT CHARACTER SET utf8mb4 COLLATE utf8mb4_unicode_ci */;
USE `dak`;
-- MySQL dump 10.13  Distrib 8.0.29, for Win64 (x86_64)
--
-- Host: 127.0.0.1    Database: dak
-- ------------------------------------------------------
-- Server version	5.7.24

/*!40101 SET @OLD_CHARACTER_SET_CLIENT=@@CHARACTER_SET_CLIENT */;
/*!40101 SET @OLD_CHARACTER_SET_RESULTS=@@CHARACTER_SET_RESULTS */;
/*!40101 SET @OLD_COLLATION_CONNECTION=@@COLLATION_CONNECTION */;
/*!50503 SET NAMES utf8 */;
/*!40103 SET @OLD_TIME_ZONE=@@TIME_ZONE */;
/*!40103 SET TIME_ZONE='+00:00' */;
/*!40014 SET @OLD_UNIQUE_CHECKS=@@UNIQUE_CHECKS, UNIQUE_CHECKS=0 */;
/*!40014 SET @OLD_FOREIGN_KEY_CHECKS=@@FOREIGN_KEY_CHECKS, FOREIGN_KEY_CHECKS=0 */;
/*!40101 SET @OLD_SQL_MODE=@@SQL_MODE, SQL_MODE='NO_AUTO_VALUE_ON_ZERO' */;
/*!40111 SET @OLD_SQL_NOTES=@@SQL_NOTES, SQL_NOTES=0 */;

--
-- Table structure for table `affectation`
--

DROP TABLE IF EXISTS `affectation`;
/*!40101 SET @saved_cs_client     = @@character_set_client */;
/*!50503 SET character_set_client = utf8mb4 */;
CREATE TABLE `affectation` (
  `idaffectation` int(11) NOT NULL AUTO_INCREMENT,
  `date_affectation` date DEFAULT NULL,
  `idposte` int(11) DEFAULT NULL,
  `idvigile` int(11) DEFAULT NULL,
  `qualite` varchar(45) COLLATE utf8mb4_unicode_ci DEFAULT NULL,
  `horaire` varchar(45) COLLATE utf8mb4_unicode_ci DEFAULT NULL,
  `type` varchar(45) COLLATE utf8mb4_unicode_ci DEFAULT NULL,
  `remplacant` int(11) DEFAULT NULL,
  `jour_repos` varchar(45) COLLATE utf8mb4_unicode_ci DEFAULT NULL,
  `arret` date DEFAULT NULL,
  `placement` int(11) DEFAULT NULL,
  `jour_pl` varchar(45) COLLATE utf8mb4_unicode_ci DEFAULT NULL,
  PRIMARY KEY (`idaffectation`),
  KEY `fk_affectation_poste_idx` (`idposte`),
  KEY `fk_affectation_vigile_idx` (`idvigile`),
  KEY `fk_affectation_remplacant_idx` (`remplacant`),
  KEY `fk_affectation_placement_idx` (`placement`),
  CONSTRAINT `fk_affectation_placement` FOREIGN KEY (`placement`) REFERENCES `vigile` (`idvigile`),
  CONSTRAINT `fk_affectation_poste` FOREIGN KEY (`idposte`) REFERENCES `poste` (`idposte`),
  CONSTRAINT `fk_affectation_remplacant` FOREIGN KEY (`remplacant`) REFERENCES `vigile` (`idvigile`),
  CONSTRAINT `fk_affectation_vigile` FOREIGN KEY (`idvigile`) REFERENCES `vigile` (`idvigile`)
) ENGINE=InnoDB AUTO_INCREMENT=169 DEFAULT CHARSET=utf8mb4 COLLATE=utf8mb4_unicode_ci;
/*!40101 SET character_set_client = @saved_cs_client */;

--
-- Dumping data for table `affectation`
--

LOCK TABLES `affectation` WRITE;
/*!40000 ALTER TABLE `affectation` DISABLE KEYS */;
INSERT INTO `affectation` VALUES (145,'2022-01-01',39,57,NULL,'jour',NULL,58,'','2022-11-07',NULL,NULL),(146,'2022-01-01',43,59,NULL,'jour',NULL,58,'','2022-11-10',NULL,NULL),(147,'2022-01-01',43,60,NULL,'jour',NULL,61,'',NULL,NULL,NULL),(148,'2022-11-07',46,63,NULL,'jour',NULL,58,'','2022-11-10',NULL,NULL),(149,'2022-11-07',39,57,NULL,'jour',NULL,NULL,'','2022-11-10',NULL,NULL),(150,'2022-11-07',47,64,NULL,'nuit',NULL,58,'',NULL,NULL,NULL),(151,'2022-11-07',48,62,NULL,'jour',NULL,66,'','2022-11-10',NULL,NULL),(152,'2022-11-07',49,65,NULL,'nuit',NULL,66,'',NULL,NULL,NULL),(153,'2022-11-10',43,62,NULL,'jour',NULL,NULL,'',NULL,NULL,NULL),(154,'2022-11-10',51,67,NULL,'jour',NULL,58,'',NULL,NULL,NULL),(155,'2022-11-10',51,57,NULL,'jour',NULL,NULL,'','2022-12-31',NULL,NULL),(156,'2022-11-10',51,62,NULL,'jour',NULL,NULL,'','2022-11-10',NULL,NULL),(157,'2022-11-10',51,63,NULL,'jour',NULL,NULL,'',NULL,NULL,NULL),(158,'2022-12-01',NULL,69,NULL,'jour',NULL,NULL,'','2022-12-14',NULL,NULL),(159,'2022-12-01',57,69,NULL,'jour',NULL,NULL,'',NULL,NULL,NULL),(160,'2022-12-01',58,72,NULL,'jour',NULL,NULL,'',NULL,NULL,NULL),(161,'2022-12-01',58,73,NULL,'jour',NULL,NULL,'',NULL,NULL,NULL),(162,'2022-12-01',58,72,NULL,'jour',NULL,NULL,'','2023-01-01',NULL,NULL),(163,'2022-12-01',58,72,NULL,'jour',NULL,NULL,'','2022-12-01',NULL,NULL),(164,'2022-12-01',59,74,NULL,'jour',NULL,NULL,'',NULL,NULL,NULL),(165,'2022-12-01',59,75,NULL,'jour',NULL,NULL,'',NULL,NULL,NULL),(166,'2022-12-16',59,62,NULL,'jour',NULL,NULL,'',NULL,NULL,NULL),(167,'2022-12-31',39,57,NULL,'jour',NULL,61,'',NULL,NULL,NULL),(168,'2023-02-01',60,71,NULL,'jour',NULL,68,'',NULL,NULL,NULL);
/*!40000 ALTER TABLE `affectation` ENABLE KEYS */;
UNLOCK TABLES;

--
-- Table structure for table `contrat`
--

DROP TABLE IF EXISTS `contrat`;
/*!40101 SET @saved_cs_client     = @@character_set_client */;
/*!50503 SET character_set_client = utf8mb4 */;
CREATE TABLE `contrat` (
  `idcontrat` int(11) NOT NULL AUTO_INCREMENT,
  `libelle` varchar(45) COLLATE utf8mb4_unicode_ci DEFAULT NULL,
  `localisation` varchar(255) COLLATE utf8mb4_unicode_ci DEFAULT NULL,
  `date_signature` date DEFAULT NULL,
  `date_debut` date DEFAULT NULL,
  `date_fin` date DEFAULT NULL,
  `reference` varchar(45) COLLATE utf8mb4_unicode_ci DEFAULT NULL,
  `description` varchar(255) COLLATE utf8mb4_unicode_ci DEFAULT NULL,
  `nb_postes` int(11) DEFAULT NULL,
  `nb_vigile_jour` int(11) DEFAULT NULL,
  `nb_vigile_nuit` int(11) DEFAULT NULL,
  `noms` varchar(45) COLLATE utf8mb4_unicode_ci DEFAULT NULL,
  `nom` varchar(45) COLLATE utf8mb4_unicode_ci DEFAULT NULL,
  `prenom` varchar(45) COLLATE utf8mb4_unicode_ci DEFAULT NULL,
  `tel` varchar(45) COLLATE utf8mb4_unicode_ci DEFAULT NULL,
  `email` varchar(45) COLLATE utf8mb4_unicode_ci DEFAULT NULL,
  `numero` varchar(45) COLLATE utf8mb4_unicode_ci DEFAULT NULL,
  `raison_sociale` varchar(45) COLLATE utf8mb4_unicode_ci DEFAULT NULL,
  `adresse` varchar(255) COLLATE utf8mb4_unicode_ci DEFAULT NULL,
  `particulier` tinyint(1) DEFAULT NULL,
  `idparent` int(11) DEFAULT NULL,
  `date` date DEFAULT NULL,
  `bon` tinyint(1) DEFAULT NULL,
  `montant` double DEFAULT NULL,
  `ir` double DEFAULT NULL,
  `representant` varchar(45) COLLATE utf8mb4_unicode_ci DEFAULT NULL,
  `statut` varchar(45) COLLATE utf8mb4_unicode_ci DEFAULT NULL,
  PRIMARY KEY (`idcontrat`),
  KEY `fk_contrat_contrat_idx` (`idparent`),
  CONSTRAINT `fk_contrat_contrat` FOREIGN KEY (`idparent`) REFERENCES `contrat` (`idcontrat`)
) ENGINE=InnoDB AUTO_INCREMENT=431 DEFAULT CHARSET=utf8mb4 COLLATE=utf8mb4_unicode_ci;
/*!40101 SET character_set_client = @saved_cs_client */;

--
-- Dumping data for table `contrat`
--

LOCK TABLES `contrat` WRITE;
/*!40000 ALTER TABLE `contrat` DISABLE KEYS */;
INSERT INTO `contrat` VALUES (18,'Contrat CAMI TOYOTA','','2022-10-25','2022-10-30',NULL,'','Dispose d\'une case de gardien',2,2,2,'CAMI TOYOTA ','CAMI TOYOTA','','696543495','','',NULL,'Yaoundé, Cameroun',0,NULL,'2022-11-02',0,0,NULL,'Muanza Kangudie','CREE'),(23,'Contrat CAMI TOYOTA','','2022-10-25','2022-10-30',NULL,'','Dispose d\'une case de gardien',3,4,7,'CAMI TOYOTA ','CAMI TOYOTA','','696543495','','',NULL,'Yaoundé, Cameroun',0,18,'2022-10-27',0,0,NULL,'Muanza Kangudie',NULL),(24,'Contrat CAMI TOYOTA','','2022-10-25','2022-10-30',NULL,'','Dispose d\'une case de gardien',2,4,4,'CAMI TOYOTA ','CAMI TOYOTA','','696543495','','',NULL,'Yaoundé, Cameroun',0,18,'2022-10-27',0,0,NULL,'Muanza Kangudie',NULL),(25,'CRTV','','2022-10-31','2022-11-03',NULL,'','',4,23,26,'CRTV ','CRTV','','69875555','','',NULL,'Dragage',0,NULL,'2023-03-18',0,0,NULL,'Edgar Ze','CREATION'),(26,'CRTV','','2022-10-31','2022-11-03',NULL,'','',2,2,2,'CRTV ','CRTV','','69875555','','',NULL,'Dragage',0,25,'2022-10-31',0,0,NULL,'Edgar Ze','CREATION'),(27,'CRTV','','2022-10-31','2022-11-03',NULL,'','',1,1,1,'CRTV ','CRTV','','69875555','','',NULL,'Dragage',0,25,'2022-11-01',0,0,NULL,'Edgar Ze','CREE'),(28,'CRTV','','2022-10-31','2022-11-03',NULL,'','',2,2,2,'CRTV ','CRTV','','69875555','','',NULL,'Dragage',0,25,'2022-11-01',0,0,NULL,'Edgar Ze','CREE'),(29,'CRTV','','2022-10-31','2022-11-03',NULL,'','',1,1,1,'CRTV ','CRTV','','69875555','','',NULL,'Dragage',0,25,'2022-11-01',0,0,NULL,'Edgar Ze','PARFAIT'),(30,'CRTV','','2022-10-31','2022-11-03',NULL,'','',2,2,2,'CRTV ','CRTV','','69875555','','',NULL,'Dragage',0,25,'2022-11-01',0,0,NULL,'Edgar Ze','PARFAIT'),(31,'Contrat CAMI TOYOTA','','2022-10-25','2022-10-30',NULL,'','Dispose d\'une case de gardien',2,6,4,'CAMI TOYOTA ','CAMI TOYOTA','','696543495','','',NULL,'Yaoundé, Cameroun',0,18,'2022-10-27',0,0,NULL,'Muanza Kangudie','CREE'),(32,'CONTRAT SIA TECHNOLOGY GROUP','','2022-11-05','2022-11-07','2023-11-07','','',2,2,2,'SIA TECHNOLOGY GROUP ','SIA TECHNOLOGY GROUP','','652367897','salaohassan@gmail.com','',NULL,'Titi Garage',0,NULL,'2022-11-07',0,0,NULL,'KABIROU SALAO','CREE'),(33,'CRTV','','2022-10-31','2022-11-03',NULL,'','',1,2,2,'CRTV ','CRTV','','69875555','','',NULL,'Dragage',0,25,'2022-11-01',0,0,NULL,'Edgar Ze','CREE'),(34,'CONTRAT ELECNOR GROUP','','2022-11-08','2022-11-09',NULL,'','',4,4,8,'ELECNOR LLC ','ELECNOR LLC','','222 23 23 23','louis.bitol@rocketmail.com','',NULL,'elig essono',0,NULL,'2022-11-10',0,0,NULL,'louis bitol','CREATION'),(35,'Contrat CAMI TOYOTA','','2022-10-25','2022-10-30',NULL,'','Dispose d\'une case de gardien',2,2,2,'CAMI TOYOTA ','CAMI TOYOTA','','696543495','','',NULL,'Yaoundé, Cameroun',0,18,'2022-11-02',0,0,NULL,'Muanza Kangudie','CREE'),(36,'Contrat CAMI TOYOTA','','2022-10-25','2022-10-30',NULL,'','Dispose d\'une case de gardien',2,2,2,'CAMI TOYOTA ','CAMI TOYOTA','','696543495','','',NULL,'Yaoundé, Cameroun',0,18,'2022-11-02',0,0,NULL,'Muanza Kangudie','CREE'),(37,'Contrat CAMI TOYOTA','','2022-10-25','2022-10-30',NULL,'','Dispose d\'une case de gardien',2,2,2,'CAMI TOYOTA ','CAMI TOYOTA','','696543495','','',NULL,'Yaoundé, Cameroun',0,18,'2022-11-02',0,0,NULL,'Muanza Kangudie','CREE'),(38,'CONTRAT ELECNOR GROUP','','2022-11-08','2022-11-09',NULL,'','',4,4,8,'ELECNOR LLC ','ELECNOR LLC','','222 23 23 23','louis.bitol@rocketmail.com','',NULL,'elig essono',0,34,'2022-11-10',0,0,NULL,'louis bitol','CREE'),(39,'CONTRAT ELECNOR GROUP','','2022-11-08','2022-11-09',NULL,'','',4,4,8,'ELECNOR LLC ','ELECNOR LLC','','222 23 23 23','louis.bitol@rocketmail.com','',NULL,'elig essono',0,34,'2022-11-10',0,0,NULL,'louis bitol','CREE'),(40,'SCB BANK GROUP','','2022-11-23','2022-11-23',NULL,'','',5,6,8,'SCB BANK GROUP PHILLIP','SCB BANK GROUP','PHILLIP','699900090','','',NULL,'BASTOS',0,NULL,'2023-03-17',0,0,NULL,'CLAIRE GERMANE','CREATION'),(41,'MINEREX ','','2022-10-01','2022-11-01',NULL,'','',1,2,0,'MINEREX ','MINEREX','','69002236','','',NULL,'BASTOS',0,NULL,'2022-12-01',0,0,NULL,' PIERRE CLAIR','PARFAIT'),(42,'SNI','','2022-10-01','2022-12-01',NULL,'','',1,2,0,'SNI ','SNI','','690023236','','',NULL,'POSTE CENTRALE',0,NULL,'2022-12-01',0,0,NULL,' FULBER DU BOIS','PARFAIT'),(43,'Mr HASSAN','','2023-02-01','2023-02-01',NULL,'','',1,1,1,'HASSAN ','HASSAN','','36666636','','',NULL,'Omnisport',1,NULL,'2023-02-01',0,0,NULL,'','CREATION'),(44,'CNPS','','2023-03-14','2023-03-14',NULL,'','',17,30,36,'CNPS ','CNPS','','00000000','','',NULL,'Centre ville',0,NULL,'2023-03-14',0,0,NULL,'Directeur Général','CREATION'),(45,'CNPS','','2023-03-14','2023-03-14',NULL,'','',17,30,36,'CNPS ','CNPS','','00000000','','',NULL,'Centre ville',0,44,'2023-03-14',0,0,NULL,'Directeur Général','CREATION'),(46,'CNPS','','2023-03-14','2023-03-14',NULL,'','',17,30,36,'CNPS ','CNPS','','00000000','','',NULL,'Centre ville',0,44,'2023-03-14',0,0,NULL,'Directeur Général','CREATION'),(47,'MAETUR','','2023-03-14','2023-03-14',NULL,'','',6,21,24,'MAETUR ','MAETUR','','000000000','','',NULL,'Centre Ville',0,NULL,'2023-03-14',0,0,NULL,'Directeur Général','CREE'),(48,'MAETUR','','2023-03-14','2023-03-14',NULL,'','',5,20,23,'MAETUR ','MAETUR','','000000000','','',NULL,'Centre Ville',0,47,'2023-03-14',0,0,NULL,'Directeur Général','CREATION'),(49,'MAETUR','','2023-03-14','2023-03-14',NULL,'','',6,20,23,'MAETUR ','MAETUR','','000000000','','',NULL,'Centre Ville',0,47,'2023-03-14',0,0,NULL,'Directeur Général','CREATION'),(50,'UNICEF','','2023-03-14','2023-03-14',NULL,'','',2,13,8,'UNICEF ','UNICEF','','000000000','','',NULL,'Bastos ',0,NULL,'2023-03-14',0,0,NULL,'Réprésentant Résident ','CREE'),(51,'SATOM','','2023-03-14','2023-03-14',NULL,'','',3,3,4,'SATOM ','SATOM','','000000000','','',NULL,'Bastos',0,NULL,'2023-03-17',0,0,NULL,'Directeur Général','CREATION'),(52,'ARNO ','','2023-03-14','2023-03-14',NULL,'','',1,1,1,'ARNO ','ARNO','','00000000','','',NULL,'Bastos',0,NULL,'2023-03-14',0,0,NULL,'Directeur Général ','CREE'),(53,'PNUD','','2023-03-14','2023-03-14',NULL,'','',2,8,4,'PNUD ','PNUD','','00000000','','',NULL,'Bastos',0,NULL,'2023-03-14',0,0,NULL,'Représentant Résident','CREE'),(54,'HCR','','2023-03-14','2023-03-14',NULL,'','',1,0,1,'HCR ','HCR','','000000000','','',NULL,'bastos',0,NULL,'2023-03-14',0,0,NULL,'Représentant résident ','CREE'),(55,'Maya F','','2023-03-14','2023-03-14',NULL,'','',1,0,1,'Maya F ','Maya F','','00000000','','',NULL,'Bastos',1,NULL,'2023-03-14',0,0,NULL,'','CREE'),(56,'CARPA','','2023-03-14','2023-03-14',NULL,'','',2,3,3,'CARPA ','CARPA','','000000000','','',NULL,'Bastos',0,NULL,'2023-03-17',0,0,NULL,'Directeur Général','CREATION'),(57,'CICR','','2023-03-14','2023-03-14',NULL,'','',2,4,4,'CICR ','CICR','','000000000','','',NULL,'Bastos',0,NULL,'2023-03-14',0,0,NULL,'Représentant Résident ','CREE'),(58,'CRS','','2023-03-14','2023-03-14',NULL,'','',1,1,1,'CRS ','CRS','','000000000','','',NULL,'Bastos',0,NULL,'2023-03-14',0,0,NULL,'Directeur Général','CREE'),(59,'PASCAM','','2023-03-14','2023-03-14',NULL,'','',1,0,1,'PASCAM ','PASCAM','','000000000','','',NULL,'bastos',0,NULL,'2023-03-14',0,0,NULL,'Directeur Général ','CREE'),(60,'CABINET MEDICAL INNEL ','','2023-03-14','2023-03-14',NULL,'','',1,1,1,'CABINET MEDICAL INNEL  ','CABINET MEDICAL INNEL ','','000000000','','',NULL,'Bastos',0,NULL,'2023-03-14',0,0,NULL,'Directeur Général','CREE'),(61,'FNUAP','','2023-03-14','2023-03-14',NULL,'','',2,3,4,'FNUAP ','FNUAP','','00000000','','',NULL,'Bastos',0,NULL,'2023-03-17',0,0,NULL,'Réprésentant résident','CREATION'),(62,'SNH','','2023-03-14','2023-03-14',NULL,'','',1,1,2,'SNH ','SNH','','00000000','','',NULL,'Centre ville',0,NULL,'2023-03-14',0,0,NULL,'Directeur Général','CREE'),(63,'ETEKI MBOUMOUA','','2023-03-14','2023-03-14',NULL,'','',1,1,1,'ETEKI MBOUMOUA ','ETEKI MBOUMOUA','','000000000','','',NULL,'Bastos',1,NULL,'2023-03-14',0,0,NULL,'','CREE'),(64,'AMBASSADE AFRIQUE DU SUD','','2023-03-14','2023-03-14',NULL,'','',2,5,4,'AMBASSADE AFRIQUE DU SUD ','AMBASSADE AFRIQUE DU SUD','','00000000','','',NULL,'Bastos',0,NULL,'2023-03-14',0,0,NULL,'Ambassadeur Afrique du Sud au Cameroun','CREE'),(65,'GENOVESI','','2023-03-14','2023-03-14',NULL,'','',1,1,1,'GENOVESI ','GENOVESI','','00000000','','',NULL,'Bastos',1,NULL,'2023-03-14',0,0,NULL,'','CREE'),(66,'LA SABLIERE','','2023-03-14','2023-03-14',NULL,'','',1,1,1,'LA SABLIERE ','LA SABLIERE','','00000000','','',NULL,'Bastos',1,NULL,'2023-03-14',0,0,NULL,'','CREE'),(67,'PRISCILLIA','','2023-03-14','2023-03-14',NULL,'','',1,2,1,'PRISCILLIA ','PRISCILLIA','','000000000','','',NULL,'Bastos',1,NULL,'2023-03-14',0,0,NULL,'','CREE'),(68,'AMBASSADE DU CANADA','','2023-03-14','2023-03-14',NULL,'','',6,9,12,'AMBASSADE DU CANADA ','AMBASSADE DU CANADA','','000000000','','',NULL,'Bastos',0,NULL,'2023-03-14',0,0,NULL,'Ambassadeur du CANADA au Cameroun','CREE'),(69,'AMBASSADE DU CANADA','','2023-03-14','2023-03-14',NULL,'','',3,4,8,'AMBASSADE DU CANADA ','AMBASSADE DU CANADA','','000000000','','',NULL,'Bastos',0,68,'2023-03-14',0,0,NULL,'Ambassadeur du CANADA au Cameroun','CREATION'),(70,'AMBASSADE DU CANADA','','2023-03-14','2023-03-14',NULL,'','',3,4,8,'AMBASSADE DU CANADA ','AMBASSADE DU CANADA','','000000000','','',NULL,'Bastos',0,68,'2023-03-14',0,0,NULL,'Ambassadeur du CANADA au Cameroun','CREATION'),(71,'AMBASSADE DU TURQUIE ','','2023-03-14','2023-03-14',NULL,'','',1,1,2,'AMBASSADE DU TURQUIE  ','AMBASSADE DU TURQUIE ','','000000000','','',NULL,'Bastos',0,NULL,'2023-03-14',0,0,NULL,'Ambassadeur de Turquie au Cameroun ','CREE'),(72,'MINISTERE DES TRANSPORTS','','2023-03-14','2023-03-14',NULL,'','',2,2,2,'MINISTERE DES TRANSPORTS ','MINISTERE DES TRANSPORTS','','000000000','','',NULL,'Bastos',1,NULL,'2023-03-17',0,0,NULL,'','CREATION'),(73,'RESTAURANT LE LODGE','','2023-03-14','2023-03-14',NULL,'','',1,1,1,'RESTAURANT LE LODGE ','RESTAURANT LE LODGE','','000000000','','',NULL,'Bastos',0,NULL,'2023-03-14',0,0,NULL,'Gérant','CREE'),(74,'ROISBET CAMEROUN','','2023-03-14','2023-03-14',NULL,'','',1,1,1,'ROISBET CAMEROUN ','ROISBET CAMEROUN','','000000000','','',NULL,'Bastos',0,NULL,'2023-03-14',0,0,NULL,'Directeur Général','CREE'),(75,'ANDELI ','','2023-03-14','2023-03-14',NULL,'','',2,2,2,'ANDELI ','ANDELI','','00000000','','',NULL,'Bastos',1,NULL,'2023-03-17',0,0,NULL,'','CREATION'),(76,'AMBASSADE DU CANADA','','2023-03-14','2023-03-14',NULL,'','',4,4,8,'AMBASSADE DU CANADA ','AMBASSADE DU CANADA','','000000000','','',NULL,'Bastos',0,68,'2023-03-14',0,0,NULL,'Ambassadeur du CANADA au Cameroun','CREATION'),(77,'AMBASSADE DU CANADA','','2023-03-14','2023-03-14',NULL,'','',4,4,8,'AMBASSADE DU CANADA ','AMBASSADE DU CANADA','','000000000','','',NULL,'Bastos',0,68,'2023-03-14',0,0,NULL,'Ambassadeur du CANADA au Cameroun','CREATION'),(78,'AMBASSADE DU CANADA','','2023-03-14','2023-03-14',NULL,'','',4,4,8,'AMBASSADE DU CANADA ','AMBASSADE DU CANADA','','000000000','','',NULL,'Bastos',0,68,'2023-03-14',0,0,NULL,'Ambassadeur du CANADA au Cameroun','CREATION'),(79,'CEDRIC','','2023-03-14','2023-03-14',NULL,'','',1,1,2,'CEDRIC ','CEDRIC','','000000000','','',NULL,'Bastos',1,NULL,'2023-03-14',0,0,NULL,'','CREE'),(80,'I.I.A','','2023-03-14','2023-03-14',NULL,'','',2,7,6,'I.I.A ','I.I.A','','000000000','','',NULL,'Bastos',0,NULL,'2023-03-17',0,0,NULL,'Directeur Général','CREATION'),(81,'DIFFALA','','2023-03-14','2023-03-14',NULL,'','',1,0,1,'DIFFALA ','DIFFALA','','000000000','','',NULL,'Bastos',1,NULL,'2023-03-14',0,0,NULL,'','CREE'),(82,'EBOBO BERTHRAND','','2023-03-14','2023-03-14',NULL,'','',1,1,1,'EBOBO BERTHRAND ','EBOBO BERTHRAND','','000000000','','',NULL,'Bastos',1,NULL,'2023-03-14',0,0,NULL,'','CREE'),(83,'EKOKO','','2023-03-14','2023-03-14',NULL,'','',1,1,1,'EKOKO ','EKOKO','','00000000','','',NULL,'Bastos',1,NULL,'2023-03-14',0,0,NULL,'','CREE'),(84,'GRENE','','2023-03-14','2023-03-14',NULL,'','',1,0,1,'GRENE ','GRENE','','00000000','','',NULL,'Bastos',1,NULL,'2023-03-14',0,0,NULL,'','CREE'),(85,'IDRIS GARBA (CARE)','','2023-03-14','2023-03-14',NULL,'','',1,1,1,'IDRIS GARBA ','IDRIS GARBA','','000000000','','',NULL,'Bastos',1,NULL,'2023-03-14',0,0,NULL,'','CREE'),(86,'KEMAYOU MARIE HELENE ','','2023-03-14','2023-03-14',NULL,'','',1,0,1,'KEMAYOU MARIE HELENE  ','KEMAYOU MARIE HELENE ','','000000000','','',NULL,'Bastos',1,NULL,'2023-03-14',0,0,NULL,'','CREE'),(87,'LABBE','','2023-03-14','2023-03-14',NULL,'','',1,1,1,'LABBE ','LABBE','','000000000','','',NULL,'Bastos',1,NULL,'2023-03-14',0,0,NULL,'','CREE'),(88,'MBELLA (SRC)','','2023-03-14','2023-03-14',NULL,'','',1,2,2,'MBELLA ','MBELLA','','000000000','','',NULL,'Bastos',1,NULL,'2023-03-14',0,0,NULL,'','CREE'),(89,'ME MUNA','','2023-03-14','2023-03-14',NULL,'','',1,0,1,'ME MUNA ','ME MUNA','','00000000','','',NULL,'Bastos',1,NULL,'2023-03-14',0,0,NULL,'','CREE'),(90,'MIRIAN STEIN','','2023-03-14','2023-03-14',NULL,'','',1,1,1,'MIRIAN STEIN ','MIRIAN STEIN','','000000000','','',NULL,'Bastos',1,NULL,'2023-03-14',0,0,NULL,'','CREE'),(91,'MOYO THEOPHILE ','','2023-03-14','2023-03-14',NULL,'','',1,0,1,'MOYO THEOPHILE  ','MOYO THEOPHILE ','','000000000','','',NULL,'Bastos',1,NULL,'2023-03-14',0,0,NULL,'','CREE'),(92,'NYA ROBERT','','2023-03-14','2023-03-14',NULL,'','',1,1,1,'NYA ROBERT ','NYA ROBERT','','000000000','','',NULL,'Bastos',1,NULL,'2023-03-14',0,0,NULL,'','CREE'),(93,'OUSMANE MBAYE','','2023-03-14','2023-03-14',NULL,'','',1,1,2,'OUSMANE MBAYE ','OUSMANE MBAYE','','000000000','','',NULL,'Bastos',1,NULL,'2023-03-14',0,0,NULL,'','CREE'),(94,'UNICEF','','2023-03-14','2023-03-14',NULL,'','',1,7,12,'UNICEF ','UNICEF','','000000000','','',NULL,'Bastos ',0,50,'2023-03-14',0,0,NULL,'Réprésentant Résident ','CREATION'),(95,'ZIBRA INTER','','2023-03-14','2023-03-14',NULL,'','',1,0,1,'ZIBRA INTER ','ZIBRA INTER','','00000000','','',NULL,'Bastos',0,NULL,'2023-03-14',0,0,NULL,'Directeur Général','CREE'),(96,'AMBASSADE D\'ALGERIE','','2023-03-14','2023-03-14',NULL,'','',1,0,1,'AMBASSADE D\'ALGERIE ','AMBASSADE D\'ALGERIE','','000000000','','',NULL,'Bastos',0,NULL,'2023-03-14',0,0,NULL,'Ambassadeur d\'Algérie au Cameroun','CREATION'),(97,'AMBASSADE DU SENEGAL','','2023-03-14','2023-03-14',NULL,'','',2,0,2,'AMBASSADE DU SENEGAL ','AMBASSADE DU SENEGAL','','000000000','','',NULL,'Bastos',0,NULL,'2023-03-14',0,0,NULL,'Ambassadeur du Sénégal au Cameroun','CREATION'),(98,'BONOMO','','2023-03-14','2023-03-14',NULL,'','',1,0,2,'BONOMO ','BONOMO','','000000000','','',NULL,'Bastos',1,NULL,'2023-03-14',0,0,NULL,'','CREE'),(99,'AMBASSADE DU SENEGAL','','2023-03-14','2023-03-14',NULL,'','',1,0,1,'AMBASSADE DU SENEGAL ','AMBASSADE DU SENEGAL','','000000000','','',NULL,'Bastos',0,97,'2023-03-14',0,0,NULL,'Ambassadeur du Sénégal au Cameroun','CREATION'),(100,'OIM','','2023-03-14','2023-03-14',NULL,'','',3,7,5,'OIM ','OIM','','00000000','','',NULL,'Bastos',0,NULL,'2023-03-14',0,0,NULL,'Représentant résident ','CREE'),(101,'TAMATO SAMARA','','2023-03-14','2023-03-14',NULL,'','',1,0,1,'TAMATO SAMARA ','TAMATO SAMARA','','000000000','','',NULL,'Bastos',1,NULL,'2023-03-14',0,0,NULL,'','CREE'),(102,'UNICEF','','2023-03-14','2023-03-14',NULL,'','',2,8,14,'UNICEF ','UNICEF','','000000000','','',NULL,'Bastos ',0,50,'2023-03-14',0,0,NULL,'Réprésentant Résident ','CREATION'),(103,'UNICEF','','2023-03-14','2023-03-14',NULL,'','',2,8,14,'UNICEF ','UNICEF','','000000000','','',NULL,'Bastos ',0,50,'2023-03-14',0,0,NULL,'Réprésentant Résident ','CREATION'),(104,'UNICEF','','2023-03-14','2023-03-14',NULL,'','',2,7,14,'UNICEF ','UNICEF','','000000000','','',NULL,'Bastos ',0,50,'2023-03-14',0,0,NULL,'Réprésentant Résident ','CREATION'),(105,'UNICEF','','2023-03-14','2023-03-14',NULL,'','',2,7,14,'UNICEF ','UNICEF','','000000000','','',NULL,'Bastos ',0,50,'2023-03-14',0,0,NULL,'Réprésentant Résident ','CREATION'),(106,'TCHEFU','','2023-03-14','2023-03-14',NULL,'','',1,0,2,'TCHEFU ','TCHEFU','','000000000','','',NULL,'Bastos',1,NULL,'2023-03-14',0,0,NULL,'','CREE'),(107,'EDF','','2023-03-14','2023-03-14',NULL,'','',1,1,2,'EDF ','EDF','','0000000000','','',NULL,'Bastos',0,NULL,'2023-03-14',0,0,NULL,'Directeur général','CREE'),(108,'PNUD','','2023-03-14','2023-03-14',NULL,'','',1,2,2,'PNUD ','PNUD','','00000000','','',NULL,'Bastos',0,53,'2023-03-14',0,0,NULL,'Représentant Résident','CREATION'),(109,'MSF','','2023-03-14','2023-03-14',NULL,'','',3,4,5,'MSF ','MSF','','00000000','','',NULL,'Bastos',0,NULL,'2023-03-17',0,0,NULL,'Directeur Général','CREATION'),(110,'EMIMA NDIHOKUBWAY','','2023-03-14','2023-03-14',NULL,'','',1,0,2,'EMIMA NDIHOKUBWAY ','EMIMA NDIHOKUBWAY','','000000000','','',NULL,'Bastos',1,NULL,'2023-03-14',0,0,NULL,'','CREE'),(111,'AMBASSADE DU CANADA','','2023-03-14','2023-03-14',NULL,'','',4,4,8,'AMBASSADE DU CANADA ','AMBASSADE DU CANADA','','000000000','','',NULL,'Bastos',0,68,'2023-03-14',0,0,NULL,'Ambassadeur du CANADA au Cameroun','CREATION'),(112,'JACARANDA','','2023-03-14','2023-03-14',NULL,'','',1,0,1,'JACARANDA ','JACARANDA','','000000000','','',NULL,'Bastos',0,NULL,'2023-03-14',0,0,NULL,'Directeur Général','CREE'),(113,'SCI NOVAC SQUARE','','2023-03-14','2023-03-14',NULL,'','',1,1,1,'SCI NOVAC SQUARE ','SCI NOVAC SQUARE','','000000000','','',NULL,'Bastos',0,NULL,'2023-03-14',0,0,NULL,'Directeur Général','CREE'),(114,'SCI SHALISMI','','2023-03-14','2023-03-14',NULL,'','',1,1,1,'SCI SHALISMI ','SCI SHALISMI','','000000000','','',NULL,'Bastos',0,NULL,'2023-03-14',0,0,NULL,'Directeur Général','CREE'),(115,'SGBC ','','2023-03-14','2023-03-14',NULL,'','',2,3,3,'SOCIETE GENERALE DES BANQUES DU CAMEROUN ','SOCIETE GENERALE DES BANQUES DU CAMEROUN','','000000000','','',NULL,'Bastos',0,NULL,'2023-03-17',0,0,NULL,'Directeur Général','CREATION'),(116,'SOCIETE BROAD BAND','','2023-03-14','2023-03-14',NULL,'','',1,0,1,'SOCIETE BROAD BAND ','SOCIETE BROAD BAND','','000000000','','',NULL,'Bastos',0,NULL,'2023-03-14',0,0,NULL,'Directeur Général','CREE'),(117,'TIEC ','','2023-03-14','2023-03-14',NULL,'','',1,0,1,'TIEC ','TIEC','','000000000','','',NULL,'Bastos',0,NULL,'2023-03-14',0,0,NULL,'Directeur Général','CREE'),(118,'ALI MADAI BOUCAR','','2023-03-14','2023-03-14',NULL,'','',1,0,2,'ALI MADAI BOUCAR ','ALI MADAI BOUCAR','','0000000000','','',NULL,'Bastos',1,NULL,'2023-03-14',0,0,NULL,'','CREE'),(119,'DAVID MAUSELAIR','','2023-03-14','2023-03-14',NULL,'','',1,0,1,'DAVID MAUSELAIR ','DAVID MAUSELAIR','','000000000','','',NULL,'Bastos',1,NULL,'2023-03-14',0,0,NULL,'','CREE'),(120,'CAMI TOYOTA','','2023-03-14','2023-03-14',NULL,'','',1,1,2,'CAMI TOYOTA ','CAMI TOYOTA','','000000000','','',NULL,'Bastos',0,NULL,'2023-03-14',0,0,NULL,'Directeur Général','CREE'),(121,'DJAIDOKNA','','2023-03-14','2023-03-14',NULL,'','',1,1,2,'DJAIDOKNA ','DJAIDOKNA','','000000000','','',NULL,'Bastos',1,NULL,'2023-03-14',0,0,NULL,'','CREE'),(122,'FRANCOIS DANIEL','','2023-03-14','2023-03-14',NULL,'','',1,1,1,'FRANCOIS DANIEL ','FRANCOIS DANIEL','','000000000','','',NULL,'Bastos',1,NULL,'2023-03-14',0,0,NULL,'','CREE'),(123,'IMMIGRATION CANADA','','2023-03-14','2023-03-14',NULL,'','',1,1,2,'IMMIGRATION CANADA ','IMMIGRATION CANADA','','000000000','','',NULL,'Bastos',0,NULL,'2023-03-14',0,0,NULL,'Gérant','CREE'),(124,'SCI SHALISMI','','2023-03-14','2023-03-14',NULL,'','',1,0,1,'SCI SHALISMI ','SCI SHALISMI','','000000000','','',NULL,'Bastos',0,114,'2023-03-14',0,0,NULL,'Directeur Général','CREATION'),(125,'CAMI TOYOTA','','2023-03-14','2023-03-14',NULL,'','',1,0,2,'CAMI TOYOTA ','CAMI TOYOTA','','000000000','','',NULL,'Bastos',0,120,'2023-03-14',0,0,NULL,'Directeur Général','CREATION'),(126,'DJAIDOKNA','','2023-03-14','2023-03-14',NULL,'','',1,0,2,'DJAIDOKNA ','DJAIDOKNA','','000000000','','',NULL,'Bastos',1,121,'2023-03-14',0,0,NULL,'','CREATION'),(127,'FRANCOIS DANIEL','','2023-03-14','2023-03-14',NULL,'','',1,0,1,'FRANCOIS DANIEL ','FRANCOIS DANIEL','','000000000','','',NULL,'Bastos',1,122,'2023-03-14',0,0,NULL,'','CREATION'),(128,'SCI NOVAC SQUARE','','2023-03-14','2023-03-14',NULL,'','',1,0,1,'SCI NOVAC SQUARE ','SCI NOVAC SQUARE','','000000000','','',NULL,'Bastos',0,113,'2023-03-14',0,0,NULL,'Directeur Général','CREATION'),(129,'OIM','','2023-03-14','2023-03-14',NULL,'','',2,0,3,'OIM ','OIM','','00000000','','',NULL,'Bastos',0,100,'2023-03-14',0,0,NULL,'Représentant résident ','CREATION'),(130,'EDF','','2023-03-14','2023-03-14',NULL,'','',1,0,2,'EDF ','EDF','','0000000000','','',NULL,'Bastos',0,107,'2023-03-14',0,0,NULL,'Directeur général','CREATION'),(131,'LEMA','','2023-03-14','2023-03-14',NULL,'','',1,1,1,'LEMA ','LEMA','','00000000','','',NULL,'Bastos',1,NULL,'2023-03-14',0,0,NULL,'','CREE'),(132,'LEON HARDT','','2023-03-14','2023-03-14',NULL,'','',1,2,2,'LEON HARDT ','LEON HARDT','','00000000','','',NULL,'Bastos',1,NULL,'2023-03-14',0,0,NULL,'','CREE'),(133,'MABOUKA','','2023-03-14','2023-03-14',NULL,'','',1,0,1,'MABOUKA ','MABOUKA','','00000000','','',NULL,'BASTOS',1,NULL,'2023-03-14',0,0,NULL,'','CREE'),(134,'MALIKO','','2023-03-14','2023-03-14',NULL,'','',1,1,2,'MALIKO ','MALIKO','','000000000','','',NULL,'Bastos',1,NULL,'2023-03-14',0,0,NULL,'','CREE'),(135,'MATARAZZI ','','2023-03-14','2023-03-14',NULL,'','',1,2,2,'MATARAZZI  ','MATARAZZI ','','00000000','','',NULL,'bastos ',1,NULL,'2023-03-14',0,0,NULL,'','CREE'),(136,'MEKOLO ','','2023-03-14','2023-03-14',NULL,'','',1,1,1,'MEKOLO ','MEKOLO','','000000000','','',NULL,'Bastos',1,NULL,'2023-03-14',0,0,NULL,'','CREE'),(137,'MONDONGOU','','2023-03-14','2023-03-14',NULL,'','',1,2,2,'MONDONGOU ','MONDONGOU','','00000000','','',NULL,'Bastos',1,NULL,'2023-03-14',0,0,NULL,'','CREE'),(138,'NGAMENI ','','2023-03-14','2023-03-14',NULL,'','',1,1,1,'NGAMENI  ','NGAMENI ','','000000000','','',NULL,'Bastos',1,NULL,'2023-03-14',0,0,NULL,'','CREE'),(139,'RUHINGUKA','','2023-03-14','2023-03-14',NULL,'','',1,0,2,'RUHINGUKA ','RUHINGUKA','','000000000','','',NULL,'Bastos',1,NULL,'2023-03-14',0,0,NULL,'','CREE'),(140,'SIKALI ','','2023-03-14','2023-03-14',NULL,'','',2,2,2,'SIKALI ','SIKALI','','000000000','','',NULL,'bastos',1,NULL,'2023-03-14',0,0,NULL,'','CREATION'),(141,'VINCENT CARON','','2023-03-14','2023-03-14',NULL,'','',1,1,2,'VINCENT CARON ','VINCENT CARON','','000000000','','',NULL,'Bastos',1,NULL,'2023-03-14',0,0,NULL,'','CREE'),(142,'PATRICK DINNAL','','2023-03-14','2023-03-14',NULL,'','',1,1,2,'PATRICK DINNAL ','PATRICK DINNAL','','00000000','','',NULL,'Bastos',1,NULL,'2023-03-14',0,0,NULL,'','CREE'),(143,'FOE NDI','','2023-03-14','2023-03-14',NULL,'','',2,4,4,'FOE NDI ','FOE NDI','','00000000','','',NULL,'Golf bastos',1,NULL,'2023-03-17',0,0,NULL,'','CREATION'),(144,'TOHOTCHEU','','2023-03-14','2023-03-14',NULL,'','',1,1,2,'TOHOTCHEU ','TOHOTCHEU','','00000000','','',NULL,'Golf Bastos',1,NULL,'2023-03-14',0,0,NULL,'','CREE'),(145,'FODEC','','2023-03-14','2023-03-14',NULL,'','',1,2,1,'FODEC ','FODEC','','00000000','','',NULL,'Golf Bastos',0,NULL,'2023-03-14',0,0,NULL,'Directeur Général','CREE'),(146,'GOLF CLUB','','2023-03-14','2023-03-14',NULL,'','',1,2,2,'GOLF CLUB ','GOLF CLUB','','00000000','','',NULL,'Golf Bastos',0,NULL,'2023-03-14',0,0,NULL,'Directeur Général','CREE'),(147,'GROUPEMENTS DES FORETS','','2023-03-14','2023-03-14',NULL,'','',1,1,1,'GROUPEMENTS DES FORETS ','GROUPEMENTS DES FORETS','','000000000','','',NULL,'Golf Bastos',0,NULL,'2023-03-14',0,0,NULL,'Directeur Général','CREE'),(148,'KOUINCHE ','','2023-03-14','2023-03-14',NULL,'','',1,1,1,'KOUINCHE  ','KOUINCHE ','','0000000000','','',NULL,'Golf Bastos',1,NULL,'2023-03-14',0,0,NULL,'','CREE'),(149,'NDJOMO','','2023-03-14','2023-03-14',NULL,'','',1,1,1,'NDJOMO ','NDJOMO','','0000000000','','',NULL,'Golf Bastos',1,NULL,'2023-03-14',0,0,NULL,'','CREE'),(150,'NGOUNOU','','2023-03-14','2023-03-14',NULL,'','',1,1,1,'NGOUNOU ','NGOUNOU','','000000000','','',NULL,'Golf Bastos',1,NULL,'2023-03-14',0,0,NULL,'','CREE'),(151,'NGAHANE','','2023-03-14','2023-03-14',NULL,'','',1,1,1,'NGAHANE ','NGAHANE','','000000000','','',NULL,'Golf Bastos',1,NULL,'2023-03-14',0,0,NULL,'','CREE'),(152,'TECHNO PLUS','','2023-03-14','2023-03-14',NULL,'','',1,1,1,'TECHNO PLUS ','TECHNO PLUS','','000000000','','',NULL,'Golf Club',0,NULL,'2023-03-14',0,0,NULL,'Gérant ','CREE'),(153,'OIM','','2023-03-14','2023-03-14',NULL,'','',2,5,3,'OIM ','OIM','','00000000','','',NULL,'Bastos',0,100,'2023-03-14',0,0,NULL,'Représentant résident ','CREATION'),(154,'OIM','','2023-03-14','2023-03-14',NULL,'','',2,5,3,'OIM ','OIM','','00000000','','',NULL,'Bastos',0,100,'2023-03-14',0,0,NULL,'Représentant résident ','CREATION'),(155,'AMBASSADE AFRIQUE DU SUD','','2023-03-14','2023-03-14',NULL,'','',1,3,2,'AMBASSADE AFRIQUE DU SUD ','AMBASSADE AFRIQUE DU SUD','','00000000','','',NULL,'Bastos',0,64,'2023-03-14',0,0,NULL,'Ambassadeur Afrique du Sud au Cameroun','CREATION'),(156,'ABDOUL DIALLO','','2023-03-14','2023-03-14',NULL,'','',1,1,1,'ABDOUL DIALLO ','ABDOUL DIALLO','','000000000','','',NULL,'Golf Bastos',1,NULL,'2023-03-14',0,0,NULL,'','CREE'),(157,'NATIONS UNIES','','2023-03-14','2023-03-14',NULL,'','',1,2,2,'NATIONS UNIES ','NATIONS UNIES','','0000000000','','',NULL,'Bastos',0,NULL,'2023-03-14',0,0,NULL,'Représentant résident ','CREE'),(158,'DEO BISMAWA','','2023-03-14','2023-03-14',NULL,'','',1,1,2,'DEO BISMAWA ','DEO BISMAWA','','000000000','','',NULL,'Golf Bastos',1,NULL,'2023-03-14',0,0,NULL,'','CREE'),(159,'HALOUANE KHALED','','2023-03-14','2023-03-14',NULL,'','',1,1,2,'HALOUANE KHALED ','HALOUANE KHALED','','00000000','','',NULL,'Golf bastos ',1,NULL,'2023-03-14',0,0,NULL,'','CREE'),(160,'BOIGNY','','2023-03-14','2023-03-14',NULL,'','',1,1,2,'BOIGNY ','BOIGNY','','000000000','','',NULL,'Golf Bastos',1,NULL,'2023-03-14',0,0,NULL,'','CREE'),(161,'NONO','','2023-03-14','2023-03-14',NULL,'','',1,1,1,'NONO ','NONO','','00000000','','',NULL,'Golf bastos',1,NULL,'2023-03-14',0,0,NULL,'','CREE'),(162,'AMBASSADE DU CANADA','','2023-03-14','2023-03-14',NULL,'','',6,8,10,'AMBASSADE DU CANADA ','AMBASSADE DU CANADA','','000000000','','',NULL,'Bastos',0,68,'2023-03-14',0,0,NULL,'Ambassadeur du CANADA au Cameroun','CREATION'),(163,'AMBASSADE DU CANADA','','2023-03-14','2023-03-14',NULL,'','',6,8,10,'AMBASSADE DU CANADA ','AMBASSADE DU CANADA','','000000000','','',NULL,'Bastos',0,68,'2023-03-14',0,0,NULL,'Ambassadeur du CANADA au Cameroun','CREATION'),(164,'AMBASSADE DU CANADA','','2023-03-14','2023-03-14',NULL,'','',6,8,10,'AMBASSADE DU CANADA ','AMBASSADE DU CANADA','','000000000','','',NULL,'Bastos',0,68,'2023-03-14',0,0,NULL,'Ambassadeur du CANADA au Cameroun','CREATION'),(165,'BDEAC','','2023-03-17','2023-03-17',NULL,'','',1,0,1,'BDEAC ','BDEAC','','00000000','','',NULL,'Omnisport',0,NULL,'2023-03-17',0,0,NULL,'Président','CREATION'),(166,'PHARMACIE DES CONGRES','','2023-03-17','2023-03-17',NULL,'','',1,1,2,'PHARMACIE DES CONGRES ','PHARMACIE DES CONGRES','','00000000','','',NULL,'Omnisport',0,NULL,'2023-03-17',0,0,NULL,'Gérant','CREATION'),(167,'LEBY','','2023-03-17','2023-03-17',NULL,'','',1,0,2,'LEBY ','LEBY','','000000000','','',NULL,'Omnisport',1,NULL,'2023-03-17',0,0,NULL,'','CREATION'),(168,'AFRILAND BANK CAMEROUN ','','2023-03-17','2023-03-17',NULL,'','',11,22,20,'AFRILAND BANK CAMEROUN  ','AFRILAND BANK CAMEROUN ','','0000000000','','',NULL,'Hippodrome',0,NULL,'2023-03-18',0,0,NULL,'Directeur Général','CREATION'),(169,'ABOUBAKAR','','2023-03-17','2023-03-17',NULL,'','',1,0,1,'ABOUBAKAR ','ABOUBAKAR','','00000000','','',NULL,'Omnisport',1,NULL,'2023-03-17',0,0,NULL,'','CREATION'),(170,'FONGOD','','2023-03-17','2023-03-17',NULL,'','',2,1,2,'FONGOD ','FONGOD','','00000000','','',NULL,'Omnisport',1,NULL,'2023-03-17',0,0,NULL,'','CREATION'),(171,'Moulen','','2023-03-17','2023-03-17',NULL,'','',1,0,1,'Moulen ','Moulen','','00000','','',NULL,'Omnisport',1,NULL,'2023-03-17',0,0,NULL,'','CREATION'),(172,'TUMENTA','','2023-03-17','2023-03-17',NULL,'','',1,2,2,'TUMENTA ','TUMENTA','','000000','','',NULL,'Omnisport',1,NULL,'2023-03-17',0,0,NULL,'','CREATION'),(173,'IMPACT CENTRE CHRETIEN','','2023-03-17','2023-03-17',NULL,'','',1,0,1,'IMPACT CENTRE CHRETIEN ','IMPACT CENTRE CHRETIEN','','0000000','','',NULL,'Omnisport',0,NULL,'2023-03-17',0,0,NULL,'Représentant ','CREATION'),(174,'ABDALLAH','','2023-03-17','2023-03-17',NULL,'','',1,0,1,'ABDALLAH ','ABDALLAH','','00000','','',NULL,'Omnisport',1,NULL,'2023-03-17',0,0,NULL,'','CREATION'),(175,'COTCO','','2023-03-17','2023-03-17',NULL,'','',1,0,1,'COTCO ','COTCO','','0000000','','',NULL,'Omnisport',1,NULL,'2023-03-17',0,0,NULL,'','CREATION'),(176,'CIRAD','','2023-03-17','2023-03-17',NULL,'','',1,0,1,'CIRAD ','CIRAD','','0000000','','',NULL,'Omnisport',0,NULL,'2023-03-17',0,0,NULL,'Directeur Général','CREATION'),(177,'CPAC','','2023-03-17','2023-03-17',NULL,'','',2,1,2,'CPAC ','CPAC','','000000','','',NULL,'Omnisport',0,NULL,'2023-03-17',0,0,NULL,'Directeur Général','CREATION'),(178,'DJEUMEN','','2023-03-17','2023-03-17',NULL,'','',1,0,1,'DJEUMEN ','DJEUMEN','','00000','','',NULL,'Omnisport',1,NULL,'2023-03-17',0,0,NULL,'','CREATION'),(179,'KOMOCK','','2023-03-17','2023-03-17',NULL,'','',1,0,1,'KOMOCK ','KOMOCK','','000000','','',NULL,'Omnisport',1,NULL,'2023-03-17',0,0,NULL,'','CREATION'),(180,'MAMANE SANI','','2023-03-17','2023-03-17',NULL,'','',1,0,2,'MAMANE SANI ','MAMANE SANI','','000000','','',NULL,'Omnisport',1,NULL,'2023-03-17',0,0,NULL,'','CREATION'),(181,'MARJORIE','','2023-03-17','2023-03-17',NULL,'','',1,0,1,'MARJORIE ','MARJORIE','','00000','','',NULL,'Omnisport',1,NULL,'2023-03-17',0,0,NULL,'','CREATION'),(182,'OTTOU MARIE','','2023-03-17','2023-03-17',NULL,'','',1,1,1,'OTTOU MARIE ','OTTOU MARIE','','000000','','',NULL,'Omnisport',1,NULL,'2023-03-17',0,0,NULL,'','CREATION'),(183,'NENGUE','','2023-03-17','2023-03-17',NULL,'','',1,0,1,'NENGUE ','NENGUE','','00000','','',NULL,'Omnisport',1,NULL,'2023-03-17',0,0,NULL,'','CREATION'),(184,'NGOA','','2023-03-17','2023-03-17',NULL,'','',1,0,1,'NGOA ','NGOA','','00000','','',NULL,'Omnisport',1,NULL,'2023-03-17',0,0,NULL,'','CREATION'),(185,'NGUEGA','','2023-03-17','2023-03-17',NULL,'','',1,0,1,'NGUEGA ','NGUEGA','','000000','','',NULL,'Omnisport',1,NULL,'2023-03-17',0,0,NULL,'','CREATION'),(186,'NGUEWOU','','2023-03-17','2023-03-17',NULL,'','',1,0,1,'NGUEWOU ','NGUEWOU','','000000','','',NULL,'Omnisport',1,NULL,'2023-03-17',0,0,NULL,'','CREATION'),(187,'OMBOLO','','2023-03-17','2023-03-17',NULL,'','',1,0,2,'OMBOLO ','OMBOLO','','000000','','',NULL,'Omnisport',1,NULL,'2023-03-17',0,0,NULL,'','CREATION'),(188,'OUATTARA','','2023-03-17','2023-03-17',NULL,'','',1,0,2,'OUATTARA ','OUATTARA','','000000','','',NULL,'Omnisport',1,NULL,'2023-03-17',0,0,NULL,'','CREATION'),(189,'TOKPANOU','','2023-03-17','2023-03-17',NULL,'','',1,0,1,'TOKPANOU ','TOKPANOU','','00000','','',NULL,'Omnisport',1,NULL,'2023-03-17',0,0,NULL,'','CREATION'),(190,'YAP ABDOU','','2023-03-17','2023-03-17',NULL,'','',1,0,1,'YAP ABDOU ','YAP ABDOU','','000000','','',NULL,'Omnisport',1,NULL,'2023-03-17',0,0,NULL,'','CREATION'),(191,'CENTRE SORAWELL','','2023-03-17','2023-03-17',NULL,'','',1,0,1,'CENTRE SORAWELL ','CENTRE SORAWELL','','0000000','','',NULL,'Essos',0,NULL,'2023-03-17',0,0,NULL,'Directeur Général','CREATION'),(192,'I.I.A','','2023-03-14','2023-03-14',NULL,'','',1,1,1,'I.I.A ','I.I.A','','000000000','','',NULL,'Bastos',0,80,'2023-03-14',0,0,NULL,'Directeur Général','CREE'),(193,'ABESSOLO','','2023-03-17','2023-03-17',NULL,'','',1,0,2,'ABESSOLO ','ABESSOLO','','00000','','',NULL,'Essos',1,NULL,'2023-03-17',0,0,NULL,'','CREATION'),(194,'MAHIMA','','2023-03-17','2023-03-17',NULL,'','',2,1,2,'MAHIMA ','MAHIMA','','00000','','',NULL,'Essos',0,NULL,'2023-03-17',0,0,NULL,'Directeur Général','CREATION'),(195,'RESIDENCE LA GRACE','','2023-03-17','2023-03-17',NULL,'','',1,1,1,'RESIDENCE LA GRACE ','RESIDENCE LA GRACE','','00000','','',NULL,'Essos',1,NULL,'2023-03-17',0,0,NULL,'','CREATION'),(196,'ANDREW CARAH','','2023-03-17','2023-03-17',NULL,'','',1,0,1,'ANDREW CARAH ','ANDREW CARAH','','0000','','',NULL,'Essos',1,NULL,'2023-03-17',0,0,NULL,'','CREATION'),(197,'ANGOUA','','2023-03-17','2023-03-17',NULL,'','',1,0,1,'ANGOUA ','ANGOUA','','00000000','','',NULL,'Essos',1,NULL,'2023-03-17',0,0,NULL,'','CREATION'),(198,'BALEBA','','2023-03-17','2023-03-17',NULL,'','Essos',1,0,1,'BALEBA ','BALEBA','','000000','','',NULL,'Essos',1,NULL,'2023-03-17',0,0,NULL,'','CREATION'),(199,'BASSONG','','2023-03-17','2023-03-17',NULL,'','',1,0,1,'BASSONG ','BASSONG','','0000','','',NULL,'Essos',1,NULL,'2023-03-17',0,0,NULL,'','CREATION'),(200,'GUERDITA','','2023-03-17','2023-03-17',NULL,'','',1,1,1,'GUERDITA ','GUERDITA','','00000','','',NULL,'Essos',1,NULL,'2023-03-17',0,0,NULL,'','CREATION'),(201,'GUERDITA','','2023-03-17','2023-03-17',NULL,'','',1,0,1,'GUERDITA ','GUERDITA','','00000','','',NULL,'Essos',1,200,'2023-03-17',0,0,NULL,'','CREATION'),(202,'MBASSA ROGER','','2023-03-17','2023-03-17',NULL,'','',1,0,1,'MBASSA ROGER ','MBASSA ROGER','','00000','','',NULL,'Essos',1,NULL,'2023-03-17',0,0,NULL,'','CREATION'),(203,'NDOCKY','','2023-03-17','2023-03-17',NULL,'','',1,0,2,'NDOCKY ','NDOCKY','','00000','','',NULL,'Essos',1,NULL,'2023-03-17',0,0,NULL,'','CREATION'),(204,'NENGUE','','2023-03-17','2023-03-17',NULL,'','',1,0,1,'NENGUE ','NENGUE','','00000','','',NULL,'Essos',1,NULL,'2023-03-17',0,0,NULL,'','CREATION'),(205,'WA MATHURIN','','2023-03-17','2023-03-17',NULL,'','',1,0,1,'WA MATHURIN ','WA MATHURIN','','0000','','',NULL,'Essos',1,NULL,'2023-03-17',0,0,NULL,'','CREATION'),(206,'ZE MEKA','','2023-03-17','2023-03-17',NULL,'','',1,1,1,'ZE MEKA ','ZE MEKA','','0000','','',NULL,'Essos',1,NULL,'2023-03-17',0,0,NULL,'','CREATION'),(207,'ZOA OLOA','','2023-03-17','2023-03-17',NULL,'','',1,0,1,'ZO OLA  ','ZO OLA ','','0000','','',NULL,'Essos',1,NULL,'2023-03-17',0,0,NULL,'','CREATION'),(208,'ZE MEKA','','2023-03-17','2023-03-17',NULL,'','',1,0,1,'ZE MEKA ','ZE MEKA','','0000','','',NULL,'Essos',1,206,'2023-03-17',0,0,NULL,'','CREATION'),(209,'WAFA CASH','','2023-03-17','2023-03-17',NULL,'','',1,0,1,'WAFA CASH ','WAFA CASH','','00000','','',NULL,'Centre ville',0,NULL,'2023-03-17',0,0,NULL,'Directeur Général','CREATION'),(210,'CCA ','','2023-03-17','2023-03-17',NULL,'','',6,5,6,'CCA ','CCA','','00000','','',NULL,'Centre ville',0,NULL,'2023-03-18',0,0,NULL,'Directeur Général','CREATION'),(211,'CFAO','','2023-03-17','2023-03-17',NULL,'','',2,2,3,'CFAO ','CFAO','','0000','','',NULL,'Brasseries',0,NULL,'2023-03-17',0,0,NULL,'Directeur Général','CREATION'),(212,'CENTRE PASTEUR','','2023-03-17','2023-03-17',NULL,'','',1,0,1,'CENTRE PASTEUR  ','CENTRE PASTEUR ','','00000','','',NULL,'Ngousso',0,NULL,'2023-03-17',0,0,NULL,'Directeur Général','CREATION'),(213,'HOPE','','2023-03-17','2023-03-17',NULL,'','',2,1,2,'HOPE ','HOPE','','0000','','',NULL,'Ngousso',1,NULL,'2023-03-18',0,0,NULL,'','CREATION'),(214,'INADES FORMATION','','2023-03-17','2023-03-17',NULL,'','',1,0,1,'INADES FORMATION ','INADES FORMATION','','00000','','',NULL,'Ngousso',0,NULL,'2023-03-17',0,0,NULL,'Directeur Général','CREATION'),(215,'PROMOTEUR ISMP','','2023-03-17','2023-03-17',NULL,'','',1,0,1,'PROMOTEUR ISMP ','PROMOTEUR ISMP','','0000000','','',NULL,'Ngousso',0,NULL,'2023-03-17',0,0,NULL,'Directeur Général','CREATION'),(216,'AMASSANGALITA','','2023-03-17','2023-03-17',NULL,'','',1,0,1,'AMASSANGALITA ','AMASSANGALITA','','000000','','',NULL,'Ngousso',1,NULL,'2023-03-17',0,0,NULL,'','CREATION'),(217,'AMBASSA','','2023-03-17','2023-03-17',NULL,'','',1,0,1,'AMBASSA ','AMBASSA','','0000','','',NULL,'Ngousso',1,NULL,'2023-03-17',0,0,NULL,'','CREATION'),(218,'ANDELI ','','2023-03-14','2023-03-14',NULL,'','',2,1,1,'ANDELI ','ANDELI','','00000000','','',NULL,'Bastos',1,75,'2023-03-14',0,0,NULL,'','CREE'),(219,'ATEBA DESIRE','','2023-03-17','2023-03-17',NULL,'','',1,0,1,'ATEBA DESIRE ','ATEBA DESIRE','','00000','','',NULL,'Ngousso',1,NULL,'2023-03-17',0,0,NULL,'','CREATION'),(220,'BAWA ','','2023-03-17','2023-03-17',NULL,'','',1,0,1,'BAWA ','BAWA','','000','','',NULL,'Ngousso',1,NULL,'2023-03-17',0,0,NULL,'','CREATION'),(221,'SATOM','','2023-03-14','2023-03-14',NULL,'','',2,3,3,'SATOM ','SATOM','','000000000','','',NULL,'Bastos',0,51,'2023-03-14',0,0,NULL,'Directeur Général','CREE'),(222,'SATOM','','2023-03-14','2023-03-14',NULL,'','',2,3,3,'SATOM ','SATOM','','000000000','','',NULL,'Bastos',0,51,'2023-03-14',0,0,NULL,'Directeur Général','CREATION'),(223,'SATOM','','2023-03-14','2023-03-14',NULL,'','',2,3,3,'SATOM ','SATOM','','000000000','','',NULL,'Bastos',0,51,'2023-03-14',0,0,NULL,'Directeur Général','CREATION'),(224,'SATOM','','2023-03-14','2023-03-14',NULL,'','',2,3,3,'SATOM ','SATOM','','000000000','','',NULL,'Bastos',0,51,'2023-03-14',0,0,NULL,'Directeur Général','CREATION'),(225,'SATOM','','2023-03-14','2023-03-14',NULL,'','',2,3,3,'SATOM ','SATOM','','000000000','','',NULL,'Bastos',0,51,'2023-03-14',0,0,NULL,'Directeur Général','CREATION'),(226,'SATOM','','2023-03-14','2023-03-14',NULL,'','',4,3,4,'SATOM ','SATOM','','000000000','','',NULL,'Bastos',0,51,'2023-03-17',0,0,NULL,'Directeur Général','CREATION'),(227,'DAKOL','','2023-03-17','2023-03-17',NULL,'','',1,0,1,'DAKOL ','DAKOL','','000','','',NULL,'Ngousso',1,NULL,'2023-03-17',0,0,NULL,'','CREATION'),(228,'DR ZEKENG','','2023-03-17','2023-03-17',NULL,'','',1,0,1,'DR ZEKENG ','DR ZEKENG','','0000','','',NULL,'Ngousso',1,NULL,'2023-03-17',0,0,NULL,'','CREATION'),(229,'Me BILONG','','2023-03-17','2023-03-17',NULL,'','',1,0,1,'Me BILONG ','Me BILONG','','0000','','',NULL,'Ngousso',1,NULL,'2023-03-17',0,0,NULL,'','CREATION'),(230,'MENYE XAVIER','','2023-03-17','2023-03-17',NULL,'','',1,0,1,'MENYE XAVIER ','MENYE XAVIER','','00000','','',NULL,'Ngousso',1,NULL,'2023-03-17',0,0,NULL,'','CREATION'),(231,'TCHOUFFO','','2023-03-17','2023-03-17',NULL,'','',1,0,1,'TCHOUFFO ','TCHOUFFO','','0000','','',NULL,'Ngousso',1,NULL,'2023-03-17',0,0,NULL,'','CREATION'),(232,'TIEMANI','','2023-03-17','2023-03-17',NULL,'','',1,0,1,'TIEMANI ','TIEMANI','','0000','','',NULL,'Ngousso',1,NULL,'2023-03-17',0,0,NULL,'','CREATION'),(233,'YONN','','2023-03-17','2023-03-17',NULL,'','',1,0,2,'YONN ','YONN','','0000','','',NULL,'Ngousso',1,NULL,'2023-03-17',0,0,NULL,'','CREATION'),(234,'EKPEX','','2023-03-17','2023-03-17',NULL,'','',1,0,1,'EKPEX ','EKPEX','','00000','','',NULL,'Ngousso',0,NULL,'2023-03-17',0,0,NULL,'Directeur Général','CREATION'),(235,'CITE HOLLYWOOD','','2023-03-17','2023-03-17',NULL,'','',1,0,1,'CITE HOLLYWOOD ','CITE HOLLYWOOD','','0000','','',NULL,'Soa',1,NULL,'2023-03-17',0,0,NULL,'','CREATION'),(236,'CRTV','','2022-10-31','2022-11-03',NULL,'','',2,3,3,'CRTV ','CRTV','','69875555','','',NULL,'Dragage',0,25,'2022-11-10',0,0,NULL,'Edgar Ze','CREATION'),(237,'FUTURE LINK','','2023-03-17','2023-03-17',NULL,'','',1,0,1,'FUTURE LINK ','FUTURE LINK','','0000','','',NULL,'Soa',0,NULL,'2023-03-17',0,0,NULL,'Directeur Général','CREATION'),(238,'SCI SINEDAF','','2023-03-17','2023-03-17',NULL,'','',1,0,2,'SCI SINEDAF ','SCI SINEDAF','','0000','','',NULL,'Soa',0,NULL,'2023-03-17',0,0,NULL,'Gérant','CREATION'),(239,'AMBASSADE DE FRANCE','','2023-03-17','2023-03-17',NULL,'','',2,10,5,'AMBASSADE DE FRANCE ','AMBASSADE DE FRANCE','','00000000','','',NULL,'Ngoa Ekelle ',0,NULL,'2023-03-17',0,0,NULL,'Ambassadeur de France au Cameroun','CREATION'),(240,'CPAC','','2023-03-17','2023-03-17',NULL,'','',1,0,1,'CPAC ','CPAC','','000000','','',NULL,'Omnisport',0,177,'2023-03-17',0,0,NULL,'Directeur Général','CREATION'),(241,'CCA ','','2023-03-17','2023-03-17',NULL,'','',1,0,1,'CCA ','CCA','','00000','','',NULL,'Centre ville',0,210,'2023-03-17',0,0,NULL,'Directeur Général','CREATION'),(242,'MUTUELLE DU TRESOR','','2023-03-17','2023-03-17',NULL,'','',1,0,2,'MUTUELLE DU TRESOR ','MUTUELLE DU TRESOR','','000000','','',NULL,'Ngoa-Ekelle',0,NULL,'2023-03-17',0,0,NULL,'Président association','CREATION'),(243,'MUTUELLE DU TRESOR','','2023-03-17','2023-03-17',NULL,'','',2,0,2,'MUTUELLE DU TRESOR ','MUTUELLE DU TRESOR','','000000','','',NULL,'Ngoa-Ekelle',0,242,'2023-03-17',0,0,NULL,'Président association','CREATION'),(244,'AMBASSADE DE FRANCE','','2023-03-17','2023-03-17',NULL,'','',1,8,3,'AMBASSADE DE FRANCE ','AMBASSADE DE FRANCE','','00000000','','',NULL,'Ngoa Ekelle ',0,239,'2023-03-17',0,0,NULL,'Ambassadeur de France au Cameroun','CREATION'),(245,'MINISTERE DES TRANSPORTS','','2023-03-14','2023-03-14',NULL,'','',1,1,1,'MINISTERE DES TRANSPORTS ','MINISTERE DES TRANSPORTS','','000000000','','',NULL,'Bastos',1,72,'2023-03-14',0,0,NULL,'','CREE'),(246,'RACLOT','','2023-03-17','2023-03-17',NULL,'','Ngoa-Ekelle',1,1,1,'RACLOT ','RACLOT','','0000','','',NULL,'Ngoa-Ekelle',1,NULL,'2023-03-17',0,0,NULL,'','CREATION'),(247,'AFRILAND BANK CAMEROUN ','','2023-03-17','2023-03-17',NULL,'','',1,2,2,'AFRILAND BANK CAMEROUN  ','AFRILAND BANK CAMEROUN ','','0000000000','','',NULL,'Hippodrome',0,168,'2023-03-17',0,0,NULL,'Directeur Général','CREATION'),(248,'AFRILAND BANK CAMEROUN ','','2023-03-17','2023-03-17',NULL,'','',2,3,4,'AFRILAND BANK CAMEROUN  ','AFRILAND BANK CAMEROUN ','','0000000000','','',NULL,'Hippodrome',0,168,'2023-03-17',0,0,NULL,'Directeur Général','CREATION'),(249,'HOTEL LA GRACE','','2023-03-17','2023-03-17',NULL,'','',1,2,2,'HOTEL LA GRACE ','HOTEL LA GRACE','','00000','','',NULL,'Melen',0,NULL,'2023-03-17',0,0,NULL,'Gérant','CREATION'),(250,'TSALA ABINA ','','2023-03-17','2023-03-17',NULL,'','',1,0,1,'TSALA ABINA ','TSALA ABINA','','00000','','',NULL,'Melen',1,NULL,'2023-03-17',0,0,NULL,'','CREATION'),(251,'ZOUNG KANY','','2023-03-17','2023-03-17',NULL,'','',1,0,1,'ZOUNG KANY ','ZOUNG KANY','','00000','','',NULL,'Melen',1,NULL,'2023-03-17',0,0,NULL,'','CREATION'),(252,'FIRST TRUST','','2023-03-17','2023-03-17',NULL,'','',1,0,1,'FIRST TRUST ','FIRST TRUST','','00000','','',NULL,'Mvolye',0,NULL,'2023-03-17',0,0,NULL,'Directeur Général','CREATION'),(253,'NDEDI','','2023-03-17','2023-03-17',NULL,'','',2,0,2,'NDEDI ','NDEDI','','0000','','',NULL,'Mvolye',1,NULL,'2023-03-17',0,0,NULL,'','CREATION'),(254,'TSALA','','2023-03-17','2023-03-17',NULL,'','',1,0,1,'TSALA ','TSALA','','0000','','',NULL,'Mvolye',1,NULL,'2023-03-17',0,0,NULL,'','CREATION'),(255,'ABESSOLO','','2023-03-17','2023-03-17',NULL,'','',1,1,1,'ABESSOLO ','ABESSOLO','','00000','','',NULL,'Mvolye',1,NULL,'2023-03-17',0,0,NULL,'','CREATION'),(256,'KWAIN','','2023-03-17','2023-03-17',NULL,'','',1,0,1,'KWAIN ','KWAIN','','000000','','',NULL,'Mvolye',1,NULL,'2023-03-17',0,0,NULL,'','CREATION'),(257,'MBAH','','2023-03-17','2023-03-17',NULL,'','',1,0,1,'MBAH ','MBAH','','000000','','',NULL,'Mvolye',1,NULL,'2023-03-17',0,0,NULL,'','CREATION'),(258,'TAONANG','','2023-03-17','2023-03-17',NULL,'','',1,0,1,'TAOUNANG ','TAOUNANG','','000000','','',NULL,'Mvolye',1,NULL,'2023-03-17',0,0,NULL,'','CREATION'),(259,'VAL D\'OR','','2023-03-17','2023-03-17',NULL,'','',1,0,1,'VAL D\'OR ','VAL D\'OR','','0000','','',NULL,'Mvolye',0,NULL,'2023-03-17',0,0,NULL,'Directeur Général','CREATION'),(260,'AFRILAND BANK CAMEROUN ','','2023-03-17','2023-03-17',NULL,'','',2,4,3,'AFRILAND BANK CAMEROUN  ','AFRILAND BANK CAMEROUN ','','0000000000','','',NULL,'Hippodrome',0,168,'2023-03-17',0,0,NULL,'Directeur Général','CREATION'),(261,'BANQUE ATLANTIQUE ','','2023-03-17','2023-03-17',NULL,'','',3,5,7,'BANQUE ATLANTIQUE ','BANQUE ATLANTIQUE','','00000','','',NULL,'Centre Ville',0,NULL,'2023-03-18',0,0,NULL,'Directeur Général','CREATION'),(262,'CCA ','','2023-03-17','2023-03-17',NULL,'','',2,1,2,'CCA ','CCA','','00000','','',NULL,'Centre ville',0,210,'2023-03-17',0,0,NULL,'Directeur Général','CREATION'),(263,'CCA ','','2023-03-17','2023-03-17',NULL,'','',2,1,2,'CCA ','CCA','','00000','','',NULL,'Centre ville',0,210,'2023-03-17',0,0,NULL,'Directeur Général','CREATION'),(264,'ENEO','','2023-03-17','2023-03-17',NULL,'','',2,1,2,'ENEO ','ENEO','','000','','',NULL,'Biyem Assi',0,NULL,'2023-03-18',0,0,NULL,'Directeur Général','CREATION'),(265,'SCB BANK GROUP','','2022-11-23','2022-11-23',NULL,'','',1,2,0,'CLAIRE GERMANE PHILLIP','CLAIRE GERMANE','PHILLIP','699900090','','',NULL,'BASTOS',1,40,'2022-11-23',0,0,NULL,'','CREE'),(266,'DOUANES CAMEROUNAISES','','2023-03-17','2023-03-17',NULL,'','',2,0,2,'DOUANES CAMEROUNAISES ','DOUANES CAMEROUNAISES','','00000','','',NULL,'Ngoa-Ekelle',0,NULL,'2023-03-18',0,0,NULL,'Directeur Général','CREATION'),(267,'AFRILAND BANK CAMEROUN ','','2023-03-17','2023-03-17',NULL,'','',3,6,4,'AFRILAND BANK CAMEROUN  ','AFRILAND BANK CAMEROUN ','','0000000000','','',NULL,'Hippodrome',0,168,'2023-03-17',0,0,NULL,'Directeur Général','CREATION'),(268,'CEPI','','2023-03-17','2023-03-17',NULL,'','',2,1,3,'CEPI ','CEPI','','00000','','',NULL,'Centre ville',0,NULL,'2023-03-18',0,0,NULL,'Directeur Général','CREATION'),(269,'GULFIN','','2023-03-17','2023-03-17',NULL,'','',6,0,6,'GULFIN ','GULFIN','','00000','','',NULL,'Mendong',0,NULL,'2023-03-17',0,0,NULL,'Directeur Général','CREATION'),(270,'ORANGE CAMEROUN','','2023-03-17','2023-03-17',NULL,'','',1,1,1,'ORANGE CAMEROUN ','ORANGE CAMEROUN','','00000','','',NULL,'Centre ville',0,NULL,'2023-03-17',0,0,NULL,'Directeur Général','CREATION'),(271,'ALIMA CAMILLE','','2023-03-17','2023-03-17',NULL,'','',1,0,1,'ALIMA CAMILLE ','ALIMA CAMILLE','','000000','','',NULL,'Mendong',1,NULL,'2023-03-17',0,0,NULL,'','CREATION'),(272,'ESSIYI','','2023-03-17','2023-03-17',NULL,'','',2,1,2,'ESSIYI ','ESSIYI','','00000','','',NULL,'Mendong',1,NULL,'2023-03-17',0,0,NULL,'','CREATION'),(273,'KOTTO','','2023-03-17','2023-03-17',NULL,'','',1,0,1,'KOTTO ','KOTTO','','00000','','',NULL,'Mendong',1,NULL,'2023-03-17',0,0,NULL,'','CREATION'),(274,'Me MANG MAYI E','','2023-03-17','2023-03-17',NULL,'','',1,0,1,'Me MANG MAYI E ','Me MANG MAYI E','','00000','','',NULL,'Mendong',1,NULL,'2023-03-17',0,0,NULL,'','CREATION'),(275,'NDEDI','','2023-03-17','2023-03-17',NULL,'','',1,0,1,'NDEDI ','NDEDI','','0000','','',NULL,'Mvolye',1,253,'2023-03-17',0,0,NULL,'','CREATION'),(276,'YOMO','','2023-03-17','2023-03-17',NULL,'','',1,0,1,'YOMO ','YOMO','','0000','','',NULL,'Mendong',1,NULL,'2023-03-17',0,0,NULL,'','CREATION'),(277,'HONVO JEANNE ','','2023-03-17','2023-03-17',NULL,'','',1,0,1,'HONVO JEANNE ','HONVO JEANNE','','0000','','',NULL,'Mendong',1,NULL,'2023-03-17',0,0,NULL,'','CREATION'),(278,'AFRILAND BANK CAMEROUN ','','2023-03-17','2023-03-17',NULL,'','',4,8,5,'AFRILAND BANK CAMEROUN  ','AFRILAND BANK CAMEROUN ','','0000000000','','',NULL,'Hippodrome',0,168,'2023-03-17',0,0,NULL,'Directeur Général','CREATION'),(279,'I.I.T.A ','','2023-03-17','2023-03-17',NULL,'','',1,2,9,'I.I.T.A  ','I.I.T.A ','','0000','','',NULL,'Centre ville',0,NULL,'2023-03-17',0,0,NULL,'Directeur Général','CREATION'),(280,'DESGRANDE','','2023-03-17','2023-03-17',NULL,'','',1,0,1,'DESGRANDE ','DESGRANDE','','0000','','',NULL,'Nkolbisson',1,NULL,'2023-03-17',0,0,NULL,'','CREATION'),(281,'FOUNDJEM','','2023-03-17','2023-03-17',NULL,'','',1,0,1,'FOUNDJEM ','FOUNDJEM','','0000','','',NULL,'Nkolbisson',1,NULL,'2023-03-17',0,0,NULL,'','CREATION'),(282,'NDJODO','','2023-03-17','2023-03-17',NULL,'','',1,0,1,'NDJODO ','NDJODO','','00000','','',NULL,'Nkolbisson',1,NULL,'2023-03-17',0,0,NULL,'','CREATION'),(283,'MAIRIE DE YAOUNDE II','','2023-03-17','2023-03-17',NULL,'','',1,1,1,'MAIRIE DE YAOUNDE II ','MAIRIE DE YAOUNDE II','','00000','','',NULL,'Nkolbisson',1,NULL,'2023-03-17',0,0,NULL,'','CREATION'),(284,'ARROY','','2023-03-17','2023-03-17',NULL,'','',1,0,1,'ARROY ','ARROY','','00000','','',NULL,'Nkolbisson',1,NULL,'2023-03-17',0,0,NULL,'','CREATION'),(285,'MEKA GEORGE','','2023-03-17','2023-03-17',NULL,'','',1,1,1,'MEKA GEORGE ','MEKA GEORGE','','0000','','',NULL,'Olembe',1,NULL,'2023-03-17',0,0,NULL,'','CREATION'),(286,'MSF','','2023-03-14','2023-03-14',NULL,'','',2,3,3,'MSF ','MSF','','00000000','','',NULL,'Bastos',0,109,'2023-03-14',0,0,NULL,'Directeur Général','CREE'),(287,'EDC','','2023-03-17','2023-03-17',NULL,'','',2,9,8,'EDC ','EDC','','00000','','',NULL,'Dragage',0,NULL,'2023-03-18',0,0,NULL,'Directeur Général','CREATION'),(288,'A.I.R.D','','2023-03-17','2023-03-17',NULL,'','',1,1,2,'A.I.R.D ','A.I.R.D','','0000','','',NULL,'Mballa II',0,NULL,'2023-03-17',0,0,NULL,'Directeur Général','CREATION'),(289,'ATAGANDI','','2023-03-17','2023-03-17',NULL,'','',1,1,2,'ATANGADI ','ATANGADI','','0000','','',NULL,'Mballa II',1,NULL,'2023-03-17',0,0,NULL,'','CREATION'),(290,'CFAO','','2023-03-17','2023-03-17',NULL,'','',1,1,1,'CFAO ','CFAO','','0000','','',NULL,'Brasseries',0,211,'2023-03-17',0,0,NULL,'Directeur Général','CREATION'),(291,'COPILCER AC','','2023-03-17','2023-03-17',NULL,'','',1,1,1,'COPILCER AC ','COPILCER AC','','0000','','',NULL,'Mballa II',0,NULL,'2023-03-17',0,0,NULL,'Directeur Général','CREATION'),(292,'CRTV','','2022-10-31','2022-11-03',NULL,'','',2,2,4,'CRTV ','CRTV','','69875555','','',NULL,'Dragage',0,25,'2023-03-17',0,0,NULL,'Edgar Ze','CREATION'),(293,'CRTV','','2022-10-31','2022-11-03',NULL,'','',3,12,14,'CRTV ','CRTV','','69875555','','',NULL,'Dragage',0,25,'2023-03-17',0,0,NULL,'Edgar Ze','CREATION'),(294,'CRTV','','2022-10-31','2022-11-03',NULL,'','',3,12,14,'CRTV ','CRTV','','69875555','','',NULL,'Dragage',0,25,'2023-03-17',0,0,NULL,'Edgar Ze','CREATION'),(295,'CENTRE DE FORMATION M PRAT','','2023-03-17','2023-03-17',NULL,'','',1,1,1,'CENTRE DE FORMATION M PRAT ','CENTRE DE FORMATION M PRAT','','0000','','',NULL,'Mballa II',0,NULL,'2023-03-17',0,0,NULL,'Directeur Général','CREATION'),(296,'PHARMACIE CANA','','2023-03-17','2023-03-17',NULL,'','',1,1,1,'PHAMARCIE CANA ','PHAMARCIE CANA','','00000','','',NULL,'Mballa II',0,NULL,'2023-03-17',0,0,NULL,'Gérant','CREATION'),(297,'PRO ASSURANCE','','2023-03-17','2023-03-17',NULL,'','',1,1,1,'PRO ASSURANCE ','PRO ASSURANCE','','0000','','',NULL,'Mballa II',0,NULL,'2023-03-17',0,0,NULL,'Directeur Général','CREATION'),(298,'RAZEL','','2023-03-17','2023-03-17',NULL,'','',2,4,3,'RAZEL ','RAZEL','','00000','','',NULL,'Centre ville',0,NULL,'2023-03-17',0,0,NULL,'Directeur Général','CREATION'),(299,'SCI LE LOGIS','','2023-03-17','2023-03-17',NULL,'','',1,0,1,'SCI LE LOGIS ','SCI LE LOGIS','','00000','','',NULL,'Mballa II',0,NULL,'2023-03-17',0,0,NULL,'Gérant','CREATION'),(300,'SCI PYRAMIDE','','2023-03-17','2023-03-17',NULL,'','',2,1,2,'SCI PYRAMIDE ','SCI PYRAMIDE','','0000','','',NULL,'Mballa II',0,NULL,'2023-03-17',0,0,NULL,'Directeur Général','CREATION'),(301,'SGBC ','','2023-03-14','2023-03-14',NULL,'','',1,2,2,'SOCIETE GENERALE DES BANQUES DU CAMEROUN ','SOCIETE GENERALE DES BANQUES DU CAMEROUN','','000000000','','',NULL,'Bastos',0,115,'2023-03-14',0,0,NULL,'Directeur Général','CREE'),(302,'TERRAIN DELTA','','2023-03-17','2023-03-17',NULL,'','',1,1,1,'TERRAIN DELTA ','TERRAIN DELTA','','0000','','',NULL,'Mballa II',1,NULL,'2023-03-17',0,0,NULL,'','CREATION'),(303,'Dr TCHOUEN','','2023-03-17','2023-03-17',NULL,'','',1,1,1,'Dr TCHOUEN ','Dr TCHOUEN','','0000','','',NULL,'Mballa II',1,NULL,'2023-03-17',0,0,NULL,'','CREATION'),(304,'ESSIYI','','2023-03-17','2023-03-17',NULL,'','',1,0,1,'ESSIYI ','ESSIYI','','00000','','',NULL,'Mendong',1,272,'2023-03-17',0,0,NULL,'','CREATION'),(305,'JOUAMPON','','2023-03-17','2023-03-17',NULL,'','',1,1,1,'JOUAMPON ','JOUAMPON','','00000','','',NULL,'Mballa II',1,NULL,'2023-03-17',0,0,NULL,'','CREATION'),(306,'KANANOURA','','2023-03-17','2023-03-17',NULL,'','',1,1,2,'KANANOURA ','KANANOURA','','00000','','',NULL,'Mballa II',1,NULL,'2023-03-17',0,0,NULL,'','CREATION'),(307,'KANANOURA','','2023-03-17','2023-03-17',NULL,'','',1,1,1,'KANANOURA ','KANANOURA','','00000','','',NULL,'Mballa II',1,306,'2023-03-17',0,0,NULL,'','CREATION'),(308,'LIBOCK YVES','','2023-03-17','2023-03-17',NULL,'','',1,0,1,'LIBOCK YVES ','LIBOCK YVES','','00000','','',NULL,'Mballa II',1,NULL,'2023-03-17',0,0,NULL,'','CREATION'),(309,'MBIANDA','','2023-03-17','2023-03-17',NULL,'','',1,0,1,'MBIANDA ','MBIANDA','','000','','',NULL,'Mballa II',1,NULL,'2023-03-17',0,0,NULL,'','CREATION'),(310,'NGUENE PAULINE','','2023-03-17','2023-03-17',NULL,'','',1,1,1,'NGUENE PAULINE ','NGUENE PAULINE','','000','','',NULL,'Mballa II',1,NULL,'2023-03-17',0,0,NULL,'','CREATION'),(311,'FNUAP','','2023-03-14','2023-03-14',NULL,'','',1,2,2,'FNUAP ','FNUAP','','00000000','','',NULL,'Bastos',0,61,'2023-03-14',0,0,NULL,'Réprésentant résident','CREE'),(312,'CCA ','','2023-03-17','2023-03-17',NULL,'','',3,2,3,'CCA ','CCA','','00000','','',NULL,'Centre ville',0,210,'2023-03-17',0,0,NULL,'Directeur Général','CREATION'),(313,'CCA ','','2023-03-17','2023-03-17',NULL,'','',3,2,3,'CCA ','CCA','','00000','','',NULL,'Centre ville',0,210,'2023-03-17',0,0,NULL,'Directeur Général','CREATION'),(314,'CCA ','','2023-03-17','2023-03-17',NULL,'','',4,3,4,'CCA ','CCA','','00000','','',NULL,'Centre ville',0,210,'2023-03-17',0,0,NULL,'Directeur Général','CREATION'),(315,'CCA ','','2023-03-17','2023-03-17',NULL,'','',3,3,4,'CCA ','CCA','','00000','','',NULL,'Centre ville',0,210,'2023-03-17',0,0,NULL,'Directeur Général','CREATION'),(316,'AFRILAND BANK CAMEROUN ','','2023-03-17','2023-03-17',NULL,'','',5,10,7,'AFRILAND BANK CAMEROUN  ','AFRILAND BANK CAMEROUN ','','0000000000','','',NULL,'Hippodrome',0,168,'2023-03-17',0,0,NULL,'Directeur Général','CREATION'),(317,'AFRILAND BANK CAMEROUN ','','2023-03-17','2023-03-17',NULL,'','',5,10,7,'AFRILAND BANK CAMEROUN  ','AFRILAND BANK CAMEROUN ','','0000000000','','',NULL,'Hippodrome',0,168,'2023-03-17',0,0,NULL,'Directeur Général','CREATION'),(318,'GULFIN','','2023-03-17','2023-03-17',NULL,'','',2,0,2,'GULFIN ','GULFIN','','00000','','',NULL,'Mendong',0,269,'2023-03-17',0,0,NULL,'Directeur Général','CREATION'),(319,'GULFIN','','2023-03-17','2023-03-17',NULL,'','',2,0,2,'GULFIN ','GULFIN','','00000','','',NULL,'Mendong',0,269,'2023-03-17',0,0,NULL,'Directeur Général','CREATION'),(320,'INSTITUT OF EXCELLENCE','','2023-03-17','2023-03-17',NULL,'','',2,1,3,'INSTITUT OF EXCELLENCE ','INSTITUT OF EXCELLENCE','','0000','','',NULL,'Etoudi',0,NULL,'2023-03-17',0,0,NULL,'Directeur Général','CREATION'),(321,'INSTITUT OF EXCELLENCE','','2023-03-17','2023-03-17',NULL,'','',1,0,3,'INSTITUT OF EXCELLENCE ','INSTITUT OF EXCELLENCE','','0000','','',NULL,'Etoudi',0,320,'2023-03-17',0,0,NULL,'Directeur Général','CREATION'),(322,'SCB BANK GROUP','','2022-11-23','2022-11-23',NULL,'','',2,4,2,'SCB BANK GROUP PHILLIP','SCB BANK GROUP','PHILLIP','699900090','','',NULL,'BASTOS',0,40,'2023-03-17',0,0,NULL,'CLAIRE GERMANE','CREATION'),(323,'CARPA','','2023-03-14','2023-03-14',NULL,'','',1,2,2,'CARPA ','CARPA','','000000000','','',NULL,'Bastos',0,56,'2023-03-14',0,0,NULL,'Directeur Général','CREE'),(324,'GULFIN','','2023-03-17','2023-03-17',NULL,'','',2,0,2,'GULFIN ','GULFIN','','00000','','',NULL,'Mendong',0,269,'2023-03-17',0,0,NULL,'Directeur Général','CREATION'),(325,'STBK','','2023-03-17','2023-03-17',NULL,'','',1,1,1,'STBK ','STBK','','0000','','',NULL,'Centre ville',0,NULL,'2023-03-17',0,0,NULL,'Directeur Général','CREATION'),(326,'EXPRESS UNION ','','2023-03-17','2023-03-17',NULL,'','',1,1,1,'EXPRESS UNION ','EXPRESS UNION','','0000','','',NULL,'Etoudi',0,NULL,'2023-03-17',0,0,NULL,'Directeur Général','CREATION'),(327,'NDOE','','2023-03-17','2023-03-17',NULL,'','',1,0,1,'NDOE ','NDOE','','0000','','',NULL,'Etoudi',1,NULL,'2023-03-17',0,0,NULL,'','CREATION'),(328,'NDOE','','2023-03-17','2023-03-17',NULL,'','',1,1,0,'NDOE ','NDOE','','0000','','',NULL,'Etoudi',1,327,'2023-03-17',0,0,NULL,'','CREATION'),(329,'SCDP ','','2023-03-17','2023-03-17',NULL,'','',1,1,1,'SCDP ','SCDP','','0000','','',NULL,'NSAM',0,NULL,'2023-03-17',0,0,NULL,'Directeur Général','CREATION'),(330,'PHARMACIE EMANA','','2023-03-17','2023-03-17',NULL,'','',1,1,1,'PHARMACIE EMANA ','PHARMACIE EMANA','','0000','','',NULL,'Etoudi',0,NULL,'2023-03-17',0,0,NULL,'Gérant','CREATION'),(331,'MANGA','','2023-03-17','2023-03-17',NULL,'','',1,0,1,'MANGA ','MANGA','','00000','','',NULL,'Etoudi',1,NULL,'2023-03-17',0,0,NULL,'','CREATION'),(332,'ZACKARIA','','2023-03-17','2023-03-17',NULL,'','',1,1,1,'ZACKARIA ','ZACKARIA','','0000','','',NULL,'Etoudi',1,NULL,'2023-03-17',0,0,NULL,'','CREATION'),(333,'INSTITUT OF EXCELLENCE','','2023-03-17','2023-03-17',NULL,'','',1,1,2,'INSTITUT OF EXCELLENCE ','INSTITUT OF EXCELLENCE','','0000','','',NULL,'Etoudi',0,320,'2023-03-17',0,0,NULL,'Directeur Général','CREATION'),(334,'CCA ','','2023-03-17','2023-03-17',NULL,'','',4,3,4,'CCA ','CCA','','00000','','',NULL,'Centre ville',0,210,'2023-03-17',0,0,NULL,'Directeur Général','CREATION'),(335,'CCA ','','2023-03-17','2023-03-17',NULL,'','',4,3,4,'CCA ','CCA','','00000','','',NULL,'Centre ville',0,210,'2023-03-17',0,0,NULL,'Directeur Général','CREATION'),(336,'CCA ','','2023-03-17','2023-03-17',NULL,'','',4,3,4,'CCA ','CCA','','00000','','',NULL,'Centre ville',0,210,'2023-03-17',0,0,NULL,'Directeur Général','CREATION'),(337,'CCA ','','2023-03-17','2023-03-17',NULL,'','',4,3,4,'CCA ','CCA','','00000','','',NULL,'Centre ville',0,210,'2023-03-17',0,0,NULL,'Directeur Général','CREATION'),(338,'CCA ','','2023-03-17','2023-03-17',NULL,'','',4,3,4,'CCA ','CCA','','00000','','',NULL,'Centre ville',0,210,'2023-03-17',0,0,NULL,'Directeur Général','CREATION'),(339,'CCA ','','2023-03-17','2023-03-17',NULL,'','',4,3,4,'CCA ','CCA','','00000','','',NULL,'Centre ville',0,210,'2023-03-17',0,0,NULL,'Directeur Général','CREATION'),(340,'INSTITUT SUPERIEUR TECHNOLOGIQUE','','2023-03-17','2023-03-17',NULL,'','',1,0,3,'INSTITUT SUPERIEUR TECHNOLOGIQUE ','INSTITUT SUPERIEUR TECHNOLOGIQUE','','0000','','',NULL,'Etoudi',0,NULL,'2023-03-17',0,0,NULL,'Directeur Général','CREATION'),(341,'BOWEN','','2023-03-17','2023-03-17',NULL,'','',1,1,1,'BOWEN ','BOWEN','','0000','','',NULL,'Etoudi',1,NULL,'2023-03-17',0,0,NULL,'','CREATION'),(342,'GENERAL MELINGUI','','2023-03-17','2023-03-17',NULL,'','',1,1,1,'GENERAL MELINGUI ','GENERAL MELINGUI','','0000','','',NULL,'Etoudi',1,NULL,'2023-03-17',0,0,NULL,'','CREATION'),(343,'MAYANG MABE','','2023-03-17','2023-03-17',NULL,'','',1,0,1,'MAYANG MABE ','MAYANG MABE','','0000','','',NULL,'Etoudi',1,NULL,'2023-03-17',0,0,NULL,'','CREATION'),(344,'OUM','','2023-03-17','2023-03-17',NULL,'','',1,1,1,'OUM ','OUM','','0000','','',NULL,'Etoudi',1,NULL,'2023-03-17',0,0,NULL,'','CREATION'),(345,'WOUMFACK','','2023-03-17','2023-03-17',NULL,'','',1,0,1,'WOUMFACK ','WOUMFACK','','0000','','',NULL,'Etoudi',1,NULL,'2023-03-17',0,0,NULL,'','CREATION'),(346,'RAZEL','','2023-03-17','2023-03-17',NULL,'','',1,0,1,'RAZEL ','RAZEL','','00000','','',NULL,'Centre ville',0,298,'2023-03-17',0,0,NULL,'Directeur Général','CREATION'),(347,'ALEN','','2023-03-17','2023-03-17',NULL,'','',1,0,1,'ALEN ','ALEN','','0000','','',NULL,'Olembé',1,NULL,'2023-03-17',0,0,NULL,'','CREATION'),(348,'CONFORT HOUSE','','2023-03-17','2023-03-17',NULL,'','',1,0,1,'CONFORT HOUSE ','CONFORT HOUSE','','00000','','',NULL,'Tropicana',0,NULL,'2023-03-17',0,0,NULL,'Directeur Général','CREATION'),(349,'GULFIN','','2023-03-17','2023-03-17',NULL,'','',2,0,2,'GULFIN ','GULFIN','','00000','','',NULL,'Mendong',0,269,'2023-03-17',0,0,NULL,'Directeur Général','CREATION'),(350,'GULFIN','','2023-03-17','2023-03-17',NULL,'','',5,0,5,'GULFIN ','GULFIN','','00000','','',NULL,'Mendong',0,269,'2023-03-17',0,0,NULL,'Directeur Général','CREATION'),(351,'SCB BANK GROUP','','2022-11-23','2022-11-23',NULL,'','',3,6,4,'SCB BANK GROUP PHILLIP','SCB BANK GROUP','PHILLIP','699900090','','',NULL,'BASTOS',0,40,'2023-03-17',0,0,NULL,'CLAIRE GERMANE','CREATION'),(352,'SCB BANK GROUP','','2022-11-23','2022-11-23',NULL,'','',4,7,5,'SCB BANK GROUP PHILLIP','SCB BANK GROUP','PHILLIP','699900090','','',NULL,'BASTOS',0,40,'2023-03-17',0,0,NULL,'CLAIRE GERMANE','CREATION'),(353,'SCB BANK GROUP','','2022-11-23','2022-11-23',NULL,'','',4,7,5,'SCB BANK GROUP PHILLIP','SCB BANK GROUP','PHILLIP','699900090','','',NULL,'BASTOS',0,40,'2023-03-17',0,0,NULL,'CLAIRE GERMANE','CREATION'),(354,'SCI PYRAMIDE','','2023-03-17','2023-03-17',NULL,'','',1,1,1,'SCI PYRAMIDE ','SCI PYRAMIDE','','0000','','',NULL,'Mballa II',0,300,'2023-03-17',0,0,NULL,'Directeur Général','CREATION'),(355,'SODIPAC','','2023-03-17','2023-03-17',NULL,'','',1,1,1,'SODIPAC ','SODIPAC','','000','','',NULL,'Nsam',0,NULL,'2023-03-17',0,0,NULL,'Directeur Général','CREATION'),(356,'SCB BANK GROUP','','2022-11-23','2022-11-23',NULL,'','',4,6,6,'SCB BANK GROUP PHILLIP','SCB BANK GROUP','PHILLIP','699900090','','',NULL,'BASTOS',0,40,'2023-03-17',0,0,NULL,'CLAIRE GERMANE','CREATION'),(357,'SCB BANK GROUP','','2022-11-23','2022-11-23',NULL,'','',4,6,6,'SCB BANK GROUP PHILLIP','SCB BANK GROUP','PHILLIP','699900090','','',NULL,'BASTOS',0,40,'2023-03-17',0,0,NULL,'CLAIRE GERMANE','CREATION'),(358,'EKEME','','2023-03-17','2023-03-17',NULL,'','',1,0,1,'EKEME ','EKEME','','0000','','',NULL,'Nsam',1,NULL,'2023-03-17',0,0,NULL,'','CREATION'),(359,'GESCOM','','2023-03-17','2023-03-17',NULL,'','',1,0,1,'GESCOM ','GESCOM','','000','','',NULL,'Nsam',0,NULL,'2023-03-17',0,0,NULL,'Gérant','CREATION'),(360,'YAOPHARM','','2023-03-17','2023-03-17',NULL,'','',1,1,1,'YAOPHARM ','YAOPHARM','','00000','','',NULL,'Nsam',0,NULL,'2023-03-17',0,0,NULL,'Gérant','CREATION'),(361,'YAOPHARM','','2023-03-17','2023-03-17',NULL,'','',1,1,2,'YAOPHARM ','YAOPHARM','','00000','','',NULL,'Nsam',0,360,'2023-03-17',0,0,NULL,'Gérant','CREATION'),(362,'AFRILAND BANK CAMEROUN ','','2023-03-17','2023-03-17',NULL,'','',6,12,8,'AFRILAND BANK CAMEROUN  ','AFRILAND BANK CAMEROUN ','','0000000000','','',NULL,'Hippodrome',0,168,'2023-03-17',0,0,NULL,'Directeur Général','CREATION'),(363,'AFRILAND BANK CAMEROUN ','','2023-03-17','2023-03-17',NULL,'','',6,12,8,'AFRILAND BANK CAMEROUN  ','AFRILAND BANK CAMEROUN ','','0000000000','','',NULL,'Hippodrome',0,168,'2023-03-17',0,0,NULL,'Directeur Général','CREATION'),(364,'AFRILAND BANK CAMEROUN ','','2023-03-17','2023-03-17',NULL,'','',6,12,8,'AFRILAND BANK CAMEROUN  ','AFRILAND BANK CAMEROUN ','','0000000000','','',NULL,'Hippodrome',0,168,'2023-03-17',0,0,NULL,'Directeur Général','CREATION'),(365,'AFRILAND BANK CAMEROUN ','','2023-03-17','2023-03-17',NULL,'','',6,12,8,'AFRILAND BANK CAMEROUN  ','AFRILAND BANK CAMEROUN ','','0000000000','','',NULL,'Hippodrome',0,168,'2023-03-17',0,0,NULL,'Directeur Général','CREATION'),(366,'CSSAIRE NGAH','','2023-03-17','2023-03-17',NULL,'','',1,0,1,'CSSAIRE NGAH ','CSSAIRE NGAH','','0000','','',NULL,'Nsam',1,NULL,'2023-03-17',0,0,NULL,'','CREATION'),(367,'NSOMBAYE','','2023-03-17','2023-03-17',NULL,'','',1,0,1,'NSOMBAYE ','NSOMBAYE','','000','','',NULL,'Nsam',1,NULL,'2023-03-17',0,0,NULL,'','CREATION'),(368,'AFRILAND BANK CAMEROUN ','','2023-03-17','2023-03-17',NULL,'','',7,12,10,'AFRILAND BANK CAMEROUN  ','AFRILAND BANK CAMEROUN ','','0000000000','','',NULL,'Hippodrome',0,168,'2023-03-17',0,0,NULL,'Directeur Général','CREATION'),(369,'AFRILAND BANK CAMEROUN ','','2023-03-17','2023-03-17',NULL,'','',7,12,10,'AFRILAND BANK CAMEROUN  ','AFRILAND BANK CAMEROUN ','','0000000000','','',NULL,'Hippodrome',0,168,'2023-03-17',0,0,NULL,'Directeur Général','CREATION'),(370,'FOE NDI','','2023-03-14','2023-03-14',NULL,'','',1,3,3,'FOE NDI ','FOE NDI','','00000000','','',NULL,'Golf bastos',1,143,'2023-03-14',0,0,NULL,'','CREE'),(371,'FONGOD','','2023-03-17','2023-03-17',NULL,'','',1,1,1,'FONGOD ','FONGOD','','00000000','','',NULL,'Omnisport',1,170,'2023-03-17',0,0,NULL,'','CREATION'),(372,'GOUVERNEUR EXTREME NORD','','2023-03-17','2023-03-17',NULL,'','',1,0,1,'GOUVERNEUR EXTREME NORD ','GOUVERNEUR EXTREME NORD','','0000','','',NULL,'Barrière Ahala',1,NULL,'2023-03-17',0,0,NULL,'','CREATION'),(373,'MAMA FOUDA','','2023-03-18','2023-03-18',NULL,'','',1,0,1,'MAMA FOUDA ','MAMA FOUDA','','0000','','',NULL,'Barriere Ahala',1,NULL,'2023-03-18',0,0,NULL,'','CREATION'),(374,'MEDOUANE BIDJANG','','2023-03-18','2023-03-18',NULL,'','',1,0,1,'MEDOUANE BIDJANG ','MEDOUANE BIDJANG','','0000','','',NULL,'Barriere Ahala',1,NULL,'2023-03-18',0,0,NULL,'','CREATION'),(375,'PROF ADE','','2023-03-18','2023-03-18',NULL,'','',1,0,1,'PROF ADE ','PROF ADE','','000','','',NULL,'Barriere Ahala',1,NULL,'2023-03-18',0,0,NULL,'','CREATION'),(376,'ENEO','','2023-03-17','2023-03-17',NULL,'','',1,1,1,'ENEO ','ENEO','','000','','',NULL,'Biyem Assi',0,264,'2023-03-17',0,0,NULL,'Directeur Général','CREATION'),(377,'MBAZOA','','2023-03-18','2023-03-18',NULL,'','',1,0,1,'MBAZOA ','MBAZOA','','00000','','',NULL,'Messamendongo',1,NULL,'2023-03-18',0,0,NULL,'','CREATION'),(378,'MPONO SYLVIE','','2023-03-18','2023-03-18',NULL,'','',1,0,1,'MPONO SYLVIE ','MPONO SYLVIE','','0000','','',NULL,'Messamendongo',1,NULL,'2023-03-18',0,0,NULL,'','CREATION'),(379,'YECKE','','2023-03-18','2023-03-18',NULL,'','',1,0,1,'YECKE ','YECKE','','000','','',NULL,'Messamendongo',1,NULL,'2023-03-18',0,0,NULL,'','CREATION'),(380,'FOND ROUTIER','','2023-03-18','2023-03-18',NULL,'','',2,0,1,'FOND ROUTIER ','FOND ROUTIER','','0000','','',NULL,'Odza',0,NULL,'2023-03-18',0,0,NULL,'Directeur Général','CREATION'),(381,'BIWANIE','','2023-03-18','2023-03-18',NULL,'','',1,0,2,'BIWANIE ','BIWANIE','','0000','','',NULL,'Odza',1,NULL,'2023-03-18',0,0,NULL,'','CREATION'),(382,'JEANC CLAUDE OTTOU','','2023-03-18','2023-03-18',NULL,'','',1,0,1,'JEAN CLAUDE OTTOU ','JEAN CLAUDE OTTOU','','00000','','',NULL,'Odza',1,NULL,'2023-03-18',0,0,NULL,'','CREATION'),(383,'PHARMACIE MEDICO','','2023-03-18','2023-03-18',NULL,'','',1,0,1,'PHARMACIE MEDICO ','PHARMACIE MEDICO','','0000','','',NULL,'Odza',0,NULL,'2023-03-18',0,0,NULL,'Gérant ','CREATION'),(384,'C2D','','2023-03-18','2023-03-18',NULL,'','',1,0,1,'C2D ','C2D','','0000','','',NULL,'Odza',0,NULL,'2023-03-18',0,0,NULL,'Coordonateur','CREATION'),(385,'SOEURS DE JESUS','','2023-03-18','2023-03-18',NULL,'','',1,0,1,'SOEURS DE JESUS ','SOEURS DE JESUS','','0000','','',NULL,'Odza',0,NULL,'2023-03-18',0,0,NULL,'Présidente','CREATION'),(386,'ANGELO','','2023-03-18','2023-03-18',NULL,'','',1,0,1,'ANGELO ','ANGELO','','0000','','',NULL,'Odza',1,NULL,'2023-03-18',0,0,NULL,'','CREATION'),(387,'CHAMENI','','2023-03-18','2023-03-18',NULL,'','',1,0,1,'CHAMENI ','CHAMENI','','0000','','',NULL,'Odza',1,NULL,'2023-03-18',0,0,NULL,'','CREATION'),(388,'COLONEL ETOUNDI','','2023-03-18','2023-03-18',NULL,'','',1,0,1,'COLONEL ETOUDI  ','COLONEL ETOUDI ','','0000','','',NULL,'Odza',1,NULL,'2023-03-18',0,0,NULL,'','CREATION'),(389,'AER/CI','','2023-03-18','2023-03-18',NULL,'','',1,0,2,'AER/CI ','AER/CI','','0000','','',NULL,'Odza',0,NULL,'2023-03-18',0,0,NULL,'Directeur Général','CREATION'),(390,'BEAC NATIONALE','','2023-03-18','2023-03-18',NULL,'','',2,3,3,'BEAC NATIONALE ','BEAC NATIONALE','','000','','',NULL,'Centre ville',0,NULL,'2023-03-18',0,0,NULL,'Directeur Nationale ','CREATION'),(391,'DJUMO CLEMENT ','','2023-03-18','2023-03-18',NULL,'','',1,0,1,'DJUMO CLEMENT ','DJUMO CLEMENT','','000','','',NULL,'Odza',1,NULL,'2023-03-18',0,0,NULL,'','CREATION'),(392,'EBONGUE','','2023-03-18','2023-03-18',NULL,'','',1,0,1,'EBONGUE  ','EBONGUE ','','000','','',NULL,'Odza',1,NULL,'2023-03-18',0,0,NULL,'','CREATION'),(393,'ESSO','','2023-03-18','2023-03-18',NULL,'','',1,0,1,'ESSO ','ESSO','','000','','',NULL,'Odza',1,NULL,'2023-03-18',0,0,NULL,'','CREATION'),(394,'EVINA ','','2023-03-18','2023-03-18',NULL,'','',1,0,1,'EVINA ','EVINA','','000','','',NULL,'Odza',1,NULL,'2023-03-18',0,0,NULL,'','CREATION'),(395,'FOSSUO','','2023-03-18','2023-03-18',NULL,'','',1,0,1,'FOSSUO ','FOSSUO','','000','','',NULL,'Odza',1,NULL,'2023-03-18',0,0,NULL,'','CREATION'),(396,'GUERE','','2023-03-18','2023-03-18',NULL,'','',1,0,1,'GUERE ','GUERE','','000','','',NULL,'Odza',1,NULL,'2023-03-18',0,0,NULL,'','CREATION'),(397,'MBILONGO JUNIOR','','2023-03-18','2023-03-18',NULL,'','',1,0,1,'MBILONGO JUNIOR ','MBILONGO JUNIOR','','00','','',NULL,'Odza',1,NULL,'2023-03-18',0,0,NULL,'','CREATION'),(398,'MONAYONG','','2023-03-18','2023-03-18',NULL,'','',1,0,1,'MONAYONG ','MONAYONG','','00000','','',NULL,'Odza',1,NULL,'2023-03-18',0,0,NULL,'','CREATION'),(399,'MONGO ESSOMBE ','','2023-03-18','2023-03-18',NULL,'','',1,0,1,'MONGO ESSOMBE ','MONGO ESSOMBE','','000','','',NULL,'Odza',1,NULL,'2023-03-18',0,0,NULL,'','CREATION'),(400,'ESPACE SHENGUEN','','2023-03-18','2023-03-18',NULL,'','',1,0,1,'ESPACE SHENGUEN ','ESPACE SHENGUEN','','00000','','',NULL,'Odza',0,NULL,'2023-03-18',0,0,NULL,'Gérant ','CREATION'),(401,'HOPE','','2023-03-17','2023-03-17',NULL,'','',1,1,1,'HOPE ','HOPE','','0000','','',NULL,'Ngousso',1,213,'2023-03-17',0,0,NULL,'','CREATION'),(402,'MONT FEBE','','2023-03-18','2023-03-18',NULL,'','',1,0,1,'MONT FEBE ','MONT FEBE','','000','','',NULL,'Mont Fébé',0,NULL,'2023-03-18',0,0,NULL,'Directeur Général','CREATION'),(403,'VILLAIN','','2023-03-18','2023-03-18',NULL,'','',1,0,1,'VILLAIN ','VILLAIN','','000','','',NULL,'Odza',1,NULL,'2023-03-18',0,0,NULL,'','CREATION'),(404,'DOUANES CAMEROUNAISES','','2023-03-17','2023-03-17',NULL,'','',1,0,1,'DOUANES CAMEROUNAISES ','DOUANES CAMEROUNAISES','','00000','','',NULL,'Ngoa-Ekelle',0,266,'2023-03-17',0,0,NULL,'Directeur Général','CREATION'),(405,'AFRILAND BANK CAMEROUN ','','2023-03-17','2023-03-17',NULL,'','',8,14,11,'AFRILAND BANK CAMEROUN  ','AFRILAND BANK CAMEROUN ','','0000000000','','',NULL,'Hippodrome',0,168,'2023-03-17',0,0,NULL,'Directeur Général','CREATION'),(406,'AFRILAND BANK CAMEROUN ','','2023-03-17','2023-03-17',NULL,'','',11,14,11,'AFRILAND BANK CAMEROUN  ','AFRILAND BANK CAMEROUN ','','0000000000','','',NULL,'Hippodrome',0,168,'2023-03-18',0,0,NULL,'Directeur Général','CREATION'),(407,'AFRILAND BANK CAMEROUN ','','2023-03-17','2023-03-17',NULL,'','',11,14,11,'AFRILAND BANK CAMEROUN  ','AFRILAND BANK CAMEROUN ','','0000000000','','',NULL,'Hippodrome',0,168,'2023-03-18',0,0,NULL,'Directeur Général','CREATION'),(408,'AFRILAND BANK CAMEROUN ','','2023-03-17','2023-03-17',NULL,'','',11,14,11,'AFRILAND BANK CAMEROUN  ','AFRILAND BANK CAMEROUN ','','0000000000','','',NULL,'Hippodrome',0,168,'2023-03-18',0,0,NULL,'Directeur Général','CREATION'),(409,'AFRILAND BANK CAMEROUN ','','2023-03-17','2023-03-17',NULL,'','',11,14,11,'AFRILAND BANK CAMEROUN  ','AFRILAND BANK CAMEROUN ','','0000000000','','',NULL,'Hippodrome',0,168,'2023-03-18',0,0,NULL,'Directeur Général','CREATION'),(410,'ATELIER BEAUTE','','2023-03-18','2023-03-18',NULL,'','',1,1,1,'ATELIER BEAUTE ','ATELIER BEAUTE','','0000','','',NULL,'Centre ville',0,NULL,'2023-03-18',0,0,NULL,'Gérante','CREATION'),(411,'ATLANTIC ASSURANCE','','2023-03-18','2023-03-18',NULL,'','',1,1,1,'ATLANCTIC ASSURANCE ','ATLANCTIC ASSURANCE','','000','','',NULL,'Centre ville',0,NULL,'2023-03-18',0,0,NULL,'Directeur Général','CREATION'),(412,'BANQUE ATLANTIQUE ','','2023-03-17','2023-03-17',NULL,'','',2,3,4,'BANQUE ATLANTIQUE ','BANQUE ATLANTIQUE','','00000','','',NULL,'Centre Ville',0,261,'2023-03-17',0,0,NULL,'Directeur Général','CREATION'),(413,'AXA ASSURANCE','','2023-03-18','2023-03-18',NULL,'','',1,2,2,'AXA ASSURANCE ','AXA ASSURANCE','','00000','','',NULL,'Centre ville',0,NULL,'2023-03-18',0,0,NULL,'Directeur Général','CREATION'),(414,'SCI BABOUM','','2023-03-18','2023-03-18',NULL,'','',1,1,1,'SCI BABOUM ','SCI BABOUM','','000','','',NULL,'Centre ville',0,NULL,'2023-03-18',0,0,NULL,'Directeur Général','CREATION'),(415,'BEAC NATIONALE','','2023-03-18','2023-03-18',NULL,'','',2,0,1,'BEAC NATIONALE ','BEAC NATIONALE','','000','','',NULL,'Centre ville',0,390,'2023-03-18',0,0,NULL,'Directeur Nationale ','CREATION'),(416,'BOULANGERIE SELECTE PLUS','','2023-03-18','2023-03-18',NULL,'','',1,3,1,'BOULANGERIE SELECTE PLUS ','BOULANGERIE SELECTE PLUS','','00000','','',NULL,'Centre ville',0,NULL,'2023-03-18',0,0,NULL,'Gérant','CREATION'),(417,'PROGRAMME ALIMENTAIRE MONDIALE(PAM)','','2023-03-18','2023-03-18',NULL,'','',1,4,4,'PAM ','PAM','','0000','','',NULL,'Centre ville',0,NULL,'2023-03-18',0,0,NULL,'Représentant Résident ','CREATION'),(418,'CEPI','','2023-03-17','2023-03-17',NULL,'','',1,0,1,'CEPI ','CEPI','','00000','','',NULL,'Centre ville',0,268,'2023-03-17',0,0,NULL,'Directeur Général','CREATION'),(419,'CAD','','2023-03-18','2023-03-18',NULL,'','',1,1,1,'CAD ','CAD','','000','','',NULL,'Centre ville',0,NULL,'2023-03-18',0,0,NULL,'Directeur Général','CREATION'),(420,'CCA ','','2023-03-17','2023-03-17',NULL,'','',5,4,5,'CCA ','CCA','','00000','','',NULL,'Centre ville',0,210,'2023-03-17',0,0,NULL,'Directeur Général','CREATION'),(421,'CHC','','2023-03-18','2023-03-18',NULL,'','',1,7,8,'CHC ','CHC','','0000','','',NULL,'Centre ville',0,NULL,'2023-03-18',0,0,NULL,'Directeur Général','CREATION'),(422,'CABINET MAZARS','','2023-03-18','2023-03-18',NULL,'','',1,1,1,'CABINET MAZARS ','CABINET MAZARS','','0000','','',NULL,'Centre ville',0,NULL,'2023-03-18',0,0,NULL,'Directeur Général','CREATION'),(423,'CABINET MUNA','','2023-03-18','2023-03-18',NULL,'','',1,1,1,'CABINET MUNA ','CABINET MUNA','','000','','',NULL,'Centre ville',0,NULL,'2023-03-18',0,0,NULL,'Directeur Général','CREATION'),(424,'CAMNEWS','','2023-03-18','2023-03-18',NULL,'','',1,1,1,'CAMNEWS ','CAMNEWS','','0000','','',NULL,'Centre ville',0,NULL,'2023-03-18',0,0,NULL,'Directeur général','CREATION'),(425,'CAMPUS FRANCE','','2023-03-18','2023-03-18',NULL,'','',1,1,1,'CAMPUS FRANCE ','CAMPUS FRANCE','','000','','',NULL,'Centre ville',0,NULL,'2023-03-18',0,0,NULL,'Directeur Général','CREATION'),(426,'CASINO','','2023-03-18','2023-03-18',NULL,'','',1,11,2,'CASINO ','CASINO','','000','','',NULL,'Centre ville',0,NULL,'2023-03-18',0,0,NULL,'Gérant','CREATION'),(427,'CRTV','','2022-10-31','2022-11-03',NULL,'','',3,12,15,'CRTV ','CRTV','','69875555','','',NULL,'Dragage',0,25,'2023-03-17',0,0,NULL,'Edgar Ze','CREATION'),(428,'CRTV','','2022-10-31','2022-11-03',NULL,'','',3,12,15,'CRTV ','CRTV','','69875555','','',NULL,'Dragage',0,25,'2023-03-17',0,0,NULL,'Edgar Ze','CREATION'),(429,'IMPOTS DU CAMEROUN','','2023-03-18','2023-03-18',NULL,'','',1,4,0,'IMPOTS ','IMPOTS','','0000','','',NULL,'Centre ville',0,NULL,'2023-03-18',0,0,NULL,'Directeur Général','CREATION'),(430,'EDC','','2023-03-17','2023-03-17',NULL,'','',1,1,2,'EDC ','EDC','','00000','','',NULL,'Dragage',0,287,'2023-03-17',0,0,NULL,'Directeur Général','CREATION');
/*!40000 ALTER TABLE `contrat` ENABLE KEYS */;
UNLOCK TABLES;

--
-- Table structure for table `contrat_site`
--

DROP TABLE IF EXISTS `contrat_site`;
/*!40101 SET @saved_cs_client     = @@character_set_client */;
/*!50503 SET character_set_client = utf8mb4 */;
CREATE TABLE `contrat_site` (
  `idcontrat_site` int(11) NOT NULL AUTO_INCREMENT,
  `idcontrat` int(11) DEFAULT NULL,
  `nom` varchar(45) COLLATE utf8mb4_unicode_ci DEFAULT NULL,
  `description` longtext COLLATE utf8mb4_unicode_ci,
  `localisation` varchar(45) COLLATE utf8mb4_unicode_ci DEFAULT NULL,
  `personne` varchar(45) COLLATE utf8mb4_unicode_ci DEFAULT NULL,
  `tel` varchar(45) COLLATE utf8mb4_unicode_ci DEFAULT NULL,
  `idquartier` int(11) DEFAULT NULL,
  `longitude` double DEFAULT NULL,
  `latitude` double DEFAULT NULL,
  PRIMARY KEY (`idcontrat_site`),
  KEY `fk_contratsite_contrat_idx` (`idcontrat`),
  KEY `fk_contratsite_quartier_idx` (`idquartier`),
  CONSTRAINT `fk_contratsite_contrat` FOREIGN KEY (`idcontrat`) REFERENCES `contrat` (`idcontrat`),
  CONSTRAINT `fk_contratsite_quartier` FOREIGN KEY (`idquartier`) REFERENCES `quartier` (`idquartier`) ON UPDATE CASCADE
) ENGINE=InnoDB AUTO_INCREMENT=388 DEFAULT CHARSET=utf8mb4 COLLATE=utf8mb4_unicode_ci;
/*!40101 SET character_set_client = @saved_cs_client */;

--
-- Dumping data for table `contrat_site`
--

LOCK TABLES `contrat_site` WRITE;
/*!40000 ALTER TABLE `contrat_site` DISABLE KEYS */;
INSERT INTO `contrat_site` VALUES (12,18,'CAMI Mvan','Dispose d\'une guérite et d\'un endroit sécurisé','','Ismaél Carma','696543475',12,NULL,NULL),(14,18,'CAMI TOYOTA Ngousso','','','','',14,NULL,NULL),(15,25,'CRTV Dragage','Entrée à gauche','','Ebenzer','677889900',10,NULL,NULL),(17,32,'Siège social SIA TECHNOLOGY GROUP','En Face Caserne des meubles','','Mr KABIROU SALAO','694454594',15,NULL,NULL),(18,32,'Délégation  régionale','En face TOTAL','','MUANZA KANGUDIE','694454584',9,NULL,NULL),(20,34,'DG ELECNOR','POSTE CLE','','JEAN','22222222',16,NULL,NULL),(21,34,'DGA ELECNOR','CLASS A','','PAUL','672900263',17,NULL,NULL),(22,34,'PCA ELECNOR','','','RICHARD','698700235',18,NULL,NULL),(23,34,'RH','','','CHRIST','690102322',19,NULL,NULL),(24,40,'SCB MARCHE','','','PAUL','690999819',9,NULL,NULL),(25,41,'BUR MINEREX','','','PIERRE CLAIRE','960023600',16,NULL,NULL),(26,42,'SNI','','','FULBER DU BOIS','69002236',22,NULL,NULL),(27,43,'V. Mr HAssan','','','Mr HAssan','3553583535',23,NULL,NULL),(28,44,'CNPS centre ','Centre ville','','Directeur Général','000000000',24,NULL,NULL),(29,44,'CNPS Imm Siège','Centre ville','','Directeur Général','000000000',24,NULL,NULL),(30,44,'CNPS Melen ','Melen ','','Directeur Général ','00000000',25,NULL,NULL),(31,44,'CNPS Hipporodrome ','Hippodrome','','Directeur Général ','00000000',26,NULL,NULL),(32,44,'CH CNPS','Essos','','Directeur Général ','000000000',27,NULL,NULL),(33,44,'Complexe CNPS','centre ville','','Directeur Général ','000000000',24,NULL,NULL),(34,44,'CNPS Essos ','Essos','','Directeur Général ','00000000',27,NULL,NULL),(35,44,'Ecole Primaire CNPS ','Biyem Assi','','Directeur Général ','000000000',28,NULL,NULL),(36,44,'V DG CNPS ','Messamedongo','','Directeur Général ','000000000',29,NULL,NULL),(37,44,'CNPS Messassi','Messassi','','Directeur Général ','000000000',30,NULL,NULL),(38,44,'CNPS archive','Etoudi','','Directeur Général ','000000000',31,NULL,NULL),(39,44,'V. Dir. Hopital CNPS ','Omnisport','','Directeur Général ','000000000',23,NULL,NULL),(40,44,'CNPS Mimboman','Mimboman','','Directeur Général ','000000000',32,NULL,NULL),(41,44,'CNPS Mvog mbi','Mvogmbi','','Directeur Général ','000000000',33,NULL,NULL),(42,44,'V. PCA CNPS','Centre ville','','Directeur Général ','000000000',24,NULL,NULL),(43,44,'CNPS DRSCE','Etoa Meki','','Directeur Général ','000000000',8,NULL,NULL),(44,44,'CNPS Messamendongo','Messamendongo','','Directeur Général ','000000000',29,NULL,NULL),(45,47,'Maetur ','Centre Ville','','Directeur Général','000000000',24,NULL,NULL),(46,47,'V. DGA Maetur ','Mendong','','Directeur Général','000000000',34,NULL,NULL),(47,47,'Maetur autoroute','Autouroute','','Autouroute','00000000',35,NULL,NULL),(48,47,'Maetur Okolo','Bastos','','Directeur Général ','00000000',36,NULL,NULL),(49,47,'V. DG Maetur ','Omnisport','','Directeur Général ','00000000',23,NULL,NULL),(50,47,'V. PCA Maetur','Bastos','','Directeur Général ','00000000',36,NULL,NULL),(51,51,'V. DAF SATOM','Bastos','','Directeur Général','000000000',9,NULL,NULL),(52,51,'DITION SATOM','Bastos','','Directeur Général ','000000000',9,NULL,NULL),(53,52,'AGB ARNO ','Bastos','','Directeur Général ','000000000',9,NULL,NULL),(54,54,'App Rep HCR','Bastos','','Représentant résident ','000000000',9,NULL,NULL),(55,53,'B Projet PNUD','Bastos','','Représentant résident','000000000',9,NULL,NULL),(56,55,'Appt Maya F (Unicef)','Bastos','','Maya F','000000000',9,NULL,NULL),(57,56,'Bur CARPA','Bastos','','Directeur Général','00000000',9,NULL,NULL),(58,57,'Bur CICR 1','Basots','','Représentant résident ','000000000',9,NULL,NULL),(59,57,'Bur CICR 2','Bastos','','Représentant résident ','000000000',9,NULL,NULL),(60,58,'Bur CRS','Bastos','','Directeur Général','000000000',9,NULL,NULL),(61,59,'Bur PASCAM','Bastos','','Directeur Général','00000000',9,NULL,NULL),(62,60,'Cab. Med. Innel','Bastos','','Directeur Général','000000000',9,NULL,NULL),(63,61,'Bur FNUAP ','Bastos','','Représetant résident ','00000000',9,NULL,NULL),(64,62,'Club SNH','Dragages','','Directeur Général','00000000',10,NULL,NULL),(65,63,'ETEKI MBOUMOUA','Bastos','','ETEKI MBOUMOUA','000000000',9,NULL,NULL),(66,64,'Ht Com. Afr. Sud','Bastos','','Ambassadeur Afrique du Sud au Cameroun','00000000',9,NULL,NULL),(67,65,'Imm Genovesi','Bastos','','Gérant','000000000',9,NULL,NULL),(68,66,'Imm la Sablière','Bastos','','Gérant','000000000',9,NULL,NULL),(69,67,'Imm Priscillia','bastos','','Gérant','000000000',9,NULL,NULL),(70,68,'Nv. V Consul CANADA','Bastos','','Ambassadeur du CANADA au Cameroun','000000000',9,NULL,NULL),(71,68,'R. Conseil. Politi. CANADA','Bastos','','Ambassadeur du CANADA au Cameroun','000000000',9,NULL,NULL),(72,68,'Res. Ht Com CANADA','Bastos','','Ambassadeur du CANADA au Cameroun','000000000',9,NULL,NULL),(73,68,'R. Consul CANADA','Bastos','','Ambassadeur du CANADA au Cameroun','000000000',9,NULL,NULL),(74,71,'Res. Amb. Turquie','Bastos','','Ambassadeur de Turquie au Cameroun','00000000',9,NULL,NULL),(75,72,'Res. Min Del Transport','Bastos','','Ministre des transports','000000000',9,NULL,NULL),(76,73,'Rest. Le Lodge','Bastos','','Gérant','000000000',9,NULL,NULL),(77,74,'Roisebet Cameroun ','Bastos','','Directeur Général','000000000',9,NULL,NULL),(78,75,'V. Andeli (Ex Beac)','Bastos','','Andeli','000000000',9,NULL,NULL),(79,68,'V. CANADA','Bastos','','Ambassadeur du Canada au Cameroun','000000000',9,NULL,NULL),(80,79,'V. CEDRIC(HCR)','Bastos','','Cedric','000000000',9,NULL,NULL),(81,80,'V. DG I.I.A ','Bastos','','Directeur Général','000000000',9,NULL,NULL),(82,81,'V. Diffala','Bastos','','Diffala','00000000',9,NULL,NULL),(83,82,'V. Ebobo Berthrand','Bastos','','Ebobo berthrand','000000000',9,NULL,NULL),(84,83,'V. Ekoko ex V.BEHRMA','Bastos','','Ekoko','000000000',9,NULL,NULL),(85,84,'V. Grene','Bastos','','Grene ','00000000',9,NULL,NULL),(86,85,'V. Idris Garba','bastos','','Idris garba','000000000',9,NULL,NULL),(87,86,'V. Kemayou Marie Hel','bastos','','Kemayou Marie Helene','000000000',9,NULL,NULL),(88,87,'V. Labbe','Bastos','','Labbe','000000000',9,NULL,NULL),(89,88,'V. Mbella (SRC)','Bastos','','Mbella','000000000',9,NULL,NULL),(90,89,'V. Me MUNA','Bastos','','Me MUNA','00000000',9,NULL,NULL),(91,90,'V. Mirian Stein ','Bastos','','MIRIAN STEIN','000000000',9,NULL,NULL),(92,91,'V. Moyo Theophile','Bastos','','MOYO THEOPHILE ','00000000',9,NULL,NULL),(93,92,'V. Nya Robert','Bastos','','NYA ROBERT','00000000',9,NULL,NULL),(94,93,'V. Ousmane Mbaye','Bastos','','OUSMANE MBAYE','000000000',9,NULL,NULL),(95,50,'V. Rep. UNICEF(NU)','Bastos','','Représentant Résident ','000000000',9,NULL,NULL),(96,50,'UNICEF(NU)','Bastos','','Représentant Résident','00000000',9,NULL,NULL),(97,95,'Zibra Inter','Bastos','','Directeur général','000000000',9,NULL,NULL),(98,96,'AMB. Algérie','Bastos','','Ambassadeur d\'Algérie au Cameroun','000000000',9,NULL,NULL),(99,97,'AMB. Sénégal','Bastos','','Ambassadeur du Sénégal au Cameroun','00000000',9,NULL,NULL),(100,98,'Appt BONOMO','Bastos','','Bonomo','000000000',9,NULL,NULL),(101,97,'Res. Amb. Sénégal','bastos','','Ambassadeur du Sénégal au Cameroun','000000000',9,NULL,NULL),(102,100,'Appt Chef Mission OIM','Bastos','','Représentant Résident ','00000000',9,NULL,NULL),(103,100,'OIM(NU)','Bastos','','Représentant Résident ','000000000',9,NULL,NULL),(104,101,'Appt Tamato Sarama ','Bastos','','Tamato Samara','000000000',9,NULL,NULL),(105,106,'Appt Tchefu (NU)','Bastos','','Tchefu','000000000',9,NULL,NULL),(106,107,'Bur EDF/AMOA','Bastos','','Directeur Général','000000000',9,NULL,NULL),(107,53,'Bur. PNUD','Bastos','','Représentant résident ','00000000',9,NULL,NULL),(108,109,'Dir.Genr.MSF','Bastos','','Directeur Général','000000000',9,NULL,NULL),(109,109,'MSF(Bur Annexe)','Bastos','','Directeur Général','000000000',9,NULL,NULL),(110,110,'EMIMA NDIHOKUBWAY','Bastos','','EMIMA NDIHOKUBWAY','00000000',9,NULL,NULL),(111,68,'HT Com. CANADA','Bastos','','Ambassadeur du Canada au Cameroun','000000000',9,NULL,NULL),(112,112,'SCI Jakaranda','Bastos','','Directeur Général','00000000',9,NULL,NULL),(113,113,'SCI Novak Square','Bastos','','Directeur Général','000000000',9,NULL,NULL),(114,114,'SCI SHALISMI','Bastos','','Directeur général','000000000',9,NULL,NULL),(115,115,'SGBC Bastos','Bastos','','Directeur D\'agence','000000000',9,NULL,NULL),(116,116,'Ste Broad Band','Bastos','','Directeur Général','000000000',9,NULL,NULL),(117,117,'TIEC(Bastos)','Bastos','','Directeur Général','0000000000',9,NULL,NULL),(118,118,'V. Ali Madai Boucar','Bastos','','ALI MADAI BOUCAR','000000000',9,NULL,NULL),(119,119,'V. David Mauselair','Bastos','','DAVID MAUSELAIR','000000000',9,NULL,NULL),(120,120,'V. Dir CAMI TOYOTA','Bastos','','Directeur Général CAMI TOYOTA','000000000',9,NULL,NULL),(121,121,'V. Djaidokna ','Bastos','','DJAIDOKNA','00000000',9,NULL,NULL),(122,122,'V. François Daniel','Bastos','','FRANCOIS DANIEL','000000000',9,NULL,NULL),(123,123,'V. Immigration Canada','bastos','','Gérant ','000000000',9,NULL,NULL),(124,131,'V. Lema','bastos','','Lema','00000000',9,NULL,NULL),(125,132,'V. Leon Hardt ex V.ABK','Bastos','','LEON HARDT','000000000',9,NULL,NULL),(126,133,'V. Mabouka','bastos','','Mabouka','000000000',9,NULL,NULL),(127,134,'V. Maliko','Bastos','','Maliko','000000000',9,NULL,NULL),(128,135,'V. Matarazzi','Bastos','','MATARAZZI ','000000000',9,NULL,NULL),(129,136,'V. Mekolo ','Bastos','','Mekolo','00000000',9,NULL,NULL),(130,137,'V. Mondongou','Bastos','','MONDONGOU','00000000',37,NULL,NULL),(131,138,'V. Ngameni Ex. Maseg','Bastos','','Ngameni','000000000',9,NULL,NULL),(132,139,'V. RUHINGUKA','bastos','','RUHINGUKA','00000000',9,NULL,NULL),(133,140,'V. Sikali','Bastos','','Sikali','000000000',9,NULL,NULL),(134,141,'V. Vincent Caron ','Bastos','','VINCENT CARON','00000000000',9,NULL,NULL),(135,142,'Appt Patrich Dinnal','Golf Bastos','','PATRICH DINNAL','00000000',38,NULL,NULL),(136,143,'Chant Foe Ndi','Golf bastos','','FOE NDI','000000000',38,NULL,NULL),(137,144,'Chant Tohotcheu','Golf Bastos','','TOHOTCHEU','00000000',38,NULL,NULL),(138,145,'Fodec','Golf Bastos','','Directeur Général','00000000',38,NULL,NULL),(139,146,'Golf Club','Golf Bastos','','Directeur Général','00000000',38,NULL,NULL),(140,147,'Gpmt des fôrets','Golf Bastos','','Directeur Général','000000000',38,NULL,NULL),(141,148,'Imm. Kouinche','Golf Bastos','','KOUINCHE ','000000000',38,NULL,NULL),(142,149,'Imm. Mme Ndjomo','Golf Bastos','','MME NDJOMO','000000000',38,NULL,NULL),(143,150,'Imm. Mme Ngounou','Golf Bastos','','Mme NGOUNOU','000000000',38,NULL,NULL),(144,151,'Imm. Ngahane','Golf Bastos','','NGAHANE','000000000',38,NULL,NULL),(145,152,'Imm. Techno Plus','Golf bastos','','Gérant','000000000',38,NULL,NULL),(146,100,'Projet NHAC(OIM)','Golf Bastos','','Directeur Général','000000000',38,NULL,NULL),(147,64,'Res. Afr. Sud','Golf Bastos','','Ambassadeur Afrique du Sud au Cameroun','00000000',38,NULL,NULL),(148,156,'V. Aboudoul Diallo (EDF)','Golf Bastos','','ABDOUL DIALLO','000000000',38,NULL,NULL),(149,157,'V. Coordo.N.U','Golf Bastos','','Représentant Résident ','00000000',38,NULL,NULL),(150,158,'V. Deo Bismwa B.(HCR)','Golf Bastos','','DEO BISMAWA','00000000',38,NULL,NULL),(151,159,'V. Haloune Khaled','Golf Bastos','','HALOUANE KHALED','000000000',38,NULL,NULL),(152,160,'V. Mme Boigny','Golf Bastos','','BOIGNY','000000000',38,NULL,NULL),(153,161,'V. Nono(Golf)','Golf Bastos','','Nono','000000000',38,NULL,NULL),(154,165,'V. Rep. BDEAC','Omnisport','','Président','00000000',23,NULL,NULL),(155,166,'Imm. Pcie. des Congrès','Omnisport','','Gérant','00000000',23,NULL,NULL),(156,167,'V. Leby (PAM)','Omnisport','','Leby','00000000',23,NULL,NULL),(157,168,'Afriland Omnisport','Omnisport','','Directeur Général','000',23,NULL,NULL),(158,169,'Appt. Aboubakar','Omnisport','','Aboubarkar','0000000',23,NULL,NULL),(159,170,'Imm. Fongod','Omnisport','','Fongod','000000',23,NULL,NULL),(160,171,'Imm. Moulen ','Omnisport','','Moulen','00000',23,NULL,NULL),(161,172,'Imm. Tchumenta','Omnisport','','Tchumenta','000000',23,NULL,NULL),(162,173,'Impact Ctre Chretien','Omnisport','','Représentant ','00000',23,NULL,NULL),(163,174,'V. Abdallah','Omnisport','','Abdallah','000000',23,NULL,NULL),(164,175,'V. Cotco','Omnisport','','Cotco','0000',23,NULL,NULL),(165,176,'V. Dir. CIRAD','Omnisport','','Directeur Général','000',23,NULL,NULL),(166,177,'V. Dir. CPAC','Omnisport','','Directeur Général','0000000',23,NULL,NULL),(167,178,'V. Djeumen','Omnisport','','Djeumen','000',23,NULL,NULL),(168,179,'V. Komock','Omnisport','','KOMOCK','00000',23,NULL,NULL),(169,180,'V. Mamane Sani','Omnisport','','Mamane Sani','0000',23,NULL,NULL),(170,181,'V. Marjorie','Omnisport','','Marjorie','00000',23,NULL,NULL),(171,182,'V. Mme Ottou Marie ','Omnisport','','Mme Ottou Marie','000',23,NULL,NULL),(172,183,'V. Nengue II','Omnisport','','Nengue','000000',23,NULL,NULL),(173,184,'V. Ngoa','Omnisport','','Ngoa','000000',23,NULL,NULL),(174,185,'V. Nguega','Omnisport','','Nguega','00000',23,NULL,NULL),(175,186,'V. Nguewou','Omnisport','','Ngewou','0000',23,NULL,NULL),(176,187,'V. Ombolo','Omnisport','','Ombolo','0000',23,NULL,NULL),(177,188,'V. Ouattara ex(V.CHRE)','Omnisport','','Ouattara','0000',23,NULL,NULL),(178,189,'V. Tokpanou','Omnisport','','Tokpanou','0000',23,NULL,NULL),(179,190,'V. Yap Abdou','Omnisport','','Yap Abdou','0000000',23,NULL,NULL),(181,191,'Centre Sorawell','Essos','','Directeur Général','0000',27,NULL,NULL),(182,80,'I.I.A','Essos','','Directeur Général','00000',27,NULL,NULL),(183,193,'Imm. Abessolo','Essos','','Abessolo','0000',27,NULL,NULL),(184,194,'Mahima Essos ','Essos','','Directeur Général','0000',27,NULL,NULL),(185,195,'Res. La Grace','Essos','','Gérant','0000',27,NULL,NULL),(186,196,'V. Andrew Carah','Essos','','Andrew Carah','00000',27,NULL,NULL),(187,197,'V. Angoua','Essos','','Angoua','00000',27,NULL,NULL),(188,198,'V. Baleba','Essos','','Baleba','000000',27,NULL,NULL),(189,199,'V. Bassong','Essos','','Bassong','0000',27,NULL,NULL),(190,200,'V. Guerdita','Essos','','Guerdita','0000',27,NULL,NULL),(191,202,'V. Mbassa Roger','Essos','','Mbassa Roger','0000',27,NULL,NULL),(192,203,'V. Ndocky','Essos','','Ndocky','000',27,NULL,NULL),(193,204,'V. Nengue','Essos','','Nengue','000',27,NULL,NULL),(194,205,'V. Wa Mathurin','Essos','','Wa Mathurin','00000',27,NULL,NULL),(195,206,'V. ZE Meka','Essos','','Ze Meka','0000',27,NULL,NULL),(196,207,'V. Zoa Oloa','Essos','','Zoa Oloa','0000',27,NULL,NULL),(197,209,'Wafa Cash Essos','Essos','','Directeur Général','0000',27,NULL,NULL),(198,210,'CCA  Tongola','Ngousso','','Directeur Général','00000',14,NULL,NULL),(199,211,'CFAO Ngousso','Ngousso','','Directeur Général','00000',14,NULL,NULL),(200,212,'Ctre Pasteur Ngousso','Ngousso','','Directeur Général','000',14,NULL,NULL),(201,213,'Imm. Hope','Ngousso','','Gérant','000',14,NULL,NULL),(202,214,'Inades Formation','Ngousso','','Directeur Général','000000',14,NULL,NULL),(203,215,'Promoteur ISMP','Ngousso','','Directeur Général','00000',14,NULL,NULL),(204,216,'V. Amassangalita','Ngousso','','Amassangalita','0000',14,NULL,NULL),(205,217,'V. Ambassa','Ngousso','','Ambassa','0000',14,NULL,NULL),(206,75,'V. Andeli 2','Ngousso','','Andeli','00000',14,NULL,NULL),(207,219,'V. Ateaba Desire','Ngousso','','Ateba Desire','0000',14,NULL,NULL),(208,220,'V. Bawa ex V. DGA CCA','Ngousso','','Bawa','0000',14,NULL,NULL),(209,51,'V. Cptble SATOM','Ngousso','','Directeur Général','000',14,NULL,NULL),(210,227,'V. Dakol','Ngousso','','Dakol','000',14,NULL,NULL),(211,228,'V. Dr Zekeng','Ngousso','','Zekeng','000',14,NULL,NULL),(212,229,'V. Me Bilong','Ngousso','','Bilong','0000',14,NULL,NULL),(213,230,'V. Menye Xavier','Ngousso','','Menye Xavier','00000',14,NULL,NULL),(214,231,'V. Tchouffo','Ngousso','','Tchouffo','0000',14,NULL,NULL),(215,232,'V. Tiemani','Ngousso','','Tiemani','0000',14,NULL,NULL),(216,233,'V. Yonn','Ngousso','','Yonn','0000',14,NULL,NULL),(217,234,'Ekpex','Ngousso','','Directeur Général','000',14,NULL,NULL),(218,235,'Cite Hollywood','Soa','','Gérant','0000',39,NULL,NULL),(219,25,'CRTV Ctre Diffusion','Soa','','Directeur Général','00000',39,NULL,NULL),(220,237,'Future Link 1','Soa','','Directeur Général','0000',39,NULL,NULL),(221,238,'Sci Sinedaf','Soa','','Gérant','00000',39,NULL,NULL),(222,239,'Amb. France','Ngoa-Ekelle','','Ambassadeur de France au Cameroun','0000',40,NULL,NULL),(223,177,'C CPAC','Ngoa-Ekelle','','Directeur Général','00000',40,NULL,NULL),(224,210,'CCA Ngoa-Ekelle','Ngoa-Ekelle','','Directeur Général','0000',40,NULL,NULL),(225,242,'Mutuelle du Trésor','Ngoa-Ekelle','','Président Association','00000',40,NULL,NULL),(226,239,'Res. Amb. France','Ngoa-Ekelle','','Ambassadeur de France au Cameroun','00000',40,NULL,NULL),(227,72,'Res. Min. Trans','Ngoa-Ekelle','','Ministre des transports','00000',40,NULL,NULL),(228,246,'V. Raclot ex V. Eric Bo','Ngoa-Ekelle','','Raclot','00000',40,NULL,NULL),(229,168,'Afriland Melen','Melen','','Directeur Général','00000',41,NULL,NULL),(230,249,'Hotel la Grace','Melen','','Gérant','0000',41,NULL,NULL),(231,250,'V. Tsala Abina ','Melen','','Tsala Abine','0000',25,NULL,NULL),(232,251,'V. Zoung Kany','Melen','','Zoung Kany','00000',41,NULL,NULL),(233,252,'First Trust','Mvolye','','Directeur Général','000000',42,NULL,NULL),(234,253,'Imm. Ndedi','Mvolye','','Ndedi','0000',42,NULL,NULL),(235,254,'Imm Tsala','Mvolye','','Tsala','0000',42,NULL,NULL),(236,255,'V. Abessolo ','Mvolye','','Abessolo','00000',42,NULL,NULL),(237,256,'V. Kwain','Mvolye','','Kwain','0000',42,NULL,NULL),(238,257,'V. Mbah','Mvolye','','Mbah','000',42,NULL,NULL),(239,258,'V. Taonang','Mvolye','','Taonang','00000',42,NULL,NULL),(240,259,'Val d\'Or','Mvolye','','Directeur Général','000',42,NULL,NULL),(241,168,'Afriland  Biyem Assi','Biyem Assi','','Directeur Général','0000',28,NULL,NULL),(242,261,'Atlantic Archives','Biyem Assi','','Directeur Général','00000',28,NULL,NULL),(243,261,'Atlantic Bank(Biyem Assi)','Biyem Assi','','Directeur Général','0000',28,NULL,NULL),(244,210,'CCA Biyem Assi','Biyem Assi','','Directeur Général','0000000',28,NULL,NULL),(245,264,'Eneo Mendong','Biyem Assi','','Directeur d\'agence','0000',28,NULL,NULL),(246,40,'SCB Biyem Assi','Biyem Assi','','Directeur d\'agence','00000',28,NULL,NULL),(247,266,'V. DG. Douanes','Biyem Assi','','Directeur Général','0000000',28,NULL,NULL),(248,168,'Afriland Mendong','Mendong','','Directeur d\'agence','00000',34,NULL,NULL),(249,268,'Cepi Mendong','Mendong','','Directeur Général','0000',34,NULL,NULL),(250,269,'Gulfin Etoug ebe','Mendong','','Gérant','00000',34,NULL,NULL),(251,269,'Gulfin Mvog Beti','Mendong','','Gérant','000',34,NULL,NULL),(252,270,'Orange Mendong','Mendong','','Chef d\'agence','000',34,NULL,NULL),(253,271,'V. Alima Camille','Mendong','','Alima Camille','00000',34,NULL,NULL),(254,272,'V. Essiyi','Mendong','','Essiyi','0000',34,NULL,NULL),(255,273,'V. Kotto','Mendong','','Kotto','0000',34,NULL,NULL),(256,274,'V. Me Mang Mayi E','Mendong','','Me Mayi Mang E','0000',34,NULL,NULL),(257,253,'V. Ndedi','Mendong','','Ndedi','0000',34,NULL,NULL),(258,276,'V. Yomo','Mendong','','Yomo','0000',34,NULL,NULL),(259,277,'V. Honvo Jeanne ','Mendong','','Honvo Jeanne','000',34,NULL,NULL),(260,168,'Afriland Nkolbisson','Nkolbisson','','Directeur d\'agence','0000',43,NULL,NULL),(261,279,'I.I.T.A Nkolbisson','Nkolbisson','','Directeur Général ','0000',43,NULL,NULL),(262,280,'V. Desgrande','Nkolbisson','','Desgrande','000',43,NULL,NULL),(263,281,'V. Foundjem','Nkolbisson','','Foundjem','0000',43,NULL,NULL),(264,282,'V. Ndjodo','Nkolbisson','','Ndjodo','000',43,NULL,NULL),(265,283,'V. Maire Yde II','Nkolbisson','','Maire Ydé II','000',43,NULL,NULL),(266,284,'V. Arroy','Nkolbisson','','Arroy','00000',43,NULL,NULL),(267,285,'V. Meka George ','Olembe','','Meka George','0000',44,NULL,NULL),(268,109,'Depot MSF Dragages','Dragage','','Directeur Général','0000',10,NULL,NULL),(269,287,'V. DG EDC','Dragage','','Directeur Général','000',10,NULL,NULL),(270,288,'A.I.R.D','Mballa II','','Directeur Général','000',45,NULL,NULL),(271,289,'ATANGADI','Mballa II','','Atangadi','0000',45,NULL,NULL),(272,211,'CFAO (Cons.Econo et So)','Mballa II','','Directeur Général','0000',45,NULL,NULL),(273,291,'Copilcer AC','Mballa II','','Directeur Général','0000',45,NULL,NULL),(274,25,'CRTV Tele','Mballa II','','Directeur Général','0000',45,NULL,NULL),(275,295,'Ctre.Form. M Prat','Mballa II','','Directeur Général','0000',45,NULL,NULL),(276,296,'Pcie Cana','Mballa II','','Gérant','0000',45,NULL,NULL),(277,297,'Pro Assurance','Mballa II','','Directeur Général','0000',45,NULL,NULL),(278,298,'Razel Complex Drag','Mballa II','','Directeur Général','0000',45,NULL,NULL),(279,299,'SCI le Logis','Mballa II','','Gérant','0000',45,NULL,NULL),(280,300,'SCI Pyramide','Mballa II','','Directeur Général','0000',45,NULL,NULL),(281,115,'SGBC Tongolo','Mballa II','','Chef d\'agence','0000',45,NULL,NULL),(282,302,'Terrain Delta','Mballa II','','Gérant','0000',45,NULL,NULL),(283,303,'Dr Tchouen','Mballa II','','Dr Tchouen','0000',45,NULL,NULL),(284,272,'V. Essiyi','Mballa II','','Essiyi','0000',45,NULL,NULL),(285,305,'V. Jouampon','Mballa II','','Jouampon','0000',45,NULL,NULL),(286,306,'V. Kananoura','Mballa II','','Kananour','0000',45,NULL,NULL),(287,308,'V. Libock Yves','Mballa II','','Libock Yves','000000',45,NULL,NULL),(288,309,'V.Mbianda','Mballa II','','Mbianda','00000',45,NULL,NULL),(289,310,'V.Nguene Pauline','Mballa II','','Nguene Pauline','0000',45,NULL,NULL),(290,61,'V.Rep.Adj.FNUAP ex V.S','Mballa II','','Représentant résident ','0000',45,NULL,NULL),(291,210,'CCA Etoudi','Etoudi','','Directeur d\'agence','000000',31,NULL,NULL),(292,168,'Afriland Etoudi','Etoudi','','Chef d\'agence','0000',31,NULL,NULL),(293,269,'Gulfin Etoudi','Etoudi','','Gérant','000',31,NULL,NULL),(294,320,'Inst.Of.Excel(Campus)','Etoudi','','Directeur Général','0000',31,NULL,NULL),(295,40,'SCB Etoudi','Etoudi','','Directeur d\'agence','00',31,NULL,NULL),(296,56,'V. DG. Carpa','Etoudi','','Directeur Général','0000',31,NULL,NULL),(297,325,'V. DG. STBK','Etoudi','','Directeur Général','0000',31,NULL,NULL),(298,326,'V. DG. EU','Etoudi','','Directeur Général','0000',31,NULL,NULL),(299,327,'V. Ndoe','Etoudi','','Ndoe','000',31,NULL,NULL),(300,329,'V. PCA. SCDP','Etoudi','','Directeur Général','0000',31,NULL,NULL),(301,330,'Pcie Emmana','Etoudi','','Gérant','0000',31,NULL,NULL),(302,331,'Eman V. Mme Manga','Etoudi','','Mme Manga','000',31,NULL,NULL),(303,332,'Zackaria','Etoudi','','Zackaria','000',31,NULL,NULL),(304,320,'Cité(Inst.Of Excell)','Etoudi','','Gérant','000',31,NULL,NULL),(305,210,'CCA Messassi','Messassi','','Gérant','00000',30,NULL,NULL),(306,340,'Inst.Sup.Tech','Etoudi','','Directeur Général','000',31,NULL,NULL),(307,341,'V. Bowen','Etoudi','','Bowen','0000',31,NULL,NULL),(308,342,'V. General Melingui','Etoudi','','GENERAL MELINGUI','000',31,NULL,NULL),(309,343,'V. Mayang Mabe','Etoudi','','MAYANG MABE','0000',31,NULL,NULL),(310,344,'V. Oum','Etoudi','','Oum','0000',31,NULL,NULL),(311,345,'V. Woumfack','Etoudi','','Woumfack','0000',31,NULL,NULL),(312,298,'Razel Olembe','Olembé','','Directeur Général','0000',13,NULL,NULL),(313,347,'V. Alen','Olembé','','Alen','000',13,NULL,NULL),(314,348,'Confort House II','Tropicana','','Directeur Général','0000',46,NULL,NULL),(315,269,'Gulfin Nsam','Nsam','','Gérant','0000',47,NULL,NULL),(316,269,'Gulfin Obobogo 1','Nsam','','Gérant','000',47,NULL,NULL),(317,269,'Gulfin Obobogo 2','Nsam','','Gérant','00',47,NULL,NULL),(319,40,'SCB Nsam','Nsam','','Directeur d\'agence','0000',47,NULL,NULL),(320,300,'SCI Pyramide(Nsam)','Nsam','','Directeur Général','0000',47,NULL,NULL),(321,355,'Sodipac','Nsam','','Directeur Général','000',47,NULL,NULL),(322,40,'V. DGA. SCB','Nsam','','Directeur Général','000',47,NULL,NULL),(323,358,'V. Ekeme','Nsam','','Ekeme','0000',47,NULL,NULL),(324,359,'V. Gérant.Gescom','Nsam','','Gérant','000',47,NULL,NULL),(325,360,'Yaopharm','Nsam','','Gérant','000',47,NULL,NULL),(326,168,'Afriland Damasse','Nsam','','Directeur Général','0000',47,NULL,NULL),(327,366,'V. Cssaire Ngah','Nsam','','Cssaire Ngah','000',47,NULL,NULL),(328,367,'V. Nsombaye','Nsam','','Nsombaye','000',47,NULL,NULL),(329,168,'Afriland Ahala','Barrière Ahala','','Directeur Général','000',48,NULL,NULL),(330,143,'V. Foe Ndi','Barrière Ahala','','Foe Ndi','0000',48,NULL,NULL),(331,170,'V. Fongod','Barrière Ahala','','Fongod','0000',48,NULL,NULL),(332,372,'V. Gouverneur de l\'Ext.N','Barrière Ahala','','Gouverneur','000',48,NULL,NULL),(333,373,'V. Mama Fouda','Barriere Ahala','','Mama Fouda','00000',49,NULL,NULL),(334,374,'V. Medouna Bidjang','Barriere Ahala','','Medouane Bidjang','0000',49,NULL,NULL),(335,375,'V. Prof Ade','Barriere Ahala','','Prof Ade','0000',49,NULL,NULL),(336,264,'ENEO Effoulan','Messamendongo','','Directeur d\'agence','0000',29,NULL,NULL),(337,377,'V. Mbazoa','Messamendongo','','Mbazoa','000',29,NULL,NULL),(338,378,'V. Mpono Sylvie ','Messamendongo','','Mpono Sylvie','000',29,NULL,NULL),(339,379,'V. Yecke','Messamendongo','','Yecke','000',29,NULL,NULL),(340,380,'Adm. Fond Routier','Odza','','Directeur Général','00000',50,NULL,NULL),(341,381,'V. Biwanie','Odza','','Biwanie','00000',50,NULL,NULL),(342,382,'Jean Claude Ottou','Odza','','Jean Claude Ottou','0000',50,NULL,NULL),(343,383,'Phar Medico(Odza)','Odza','','Gérant','0000',50,NULL,NULL),(344,384,'Res. Coord. C2D ','Odza','','Coordonateur ','000',50,NULL,NULL),(345,385,'Soeurs de Jesus','Odza','','Soeurs de Jesus','0000',50,NULL,NULL),(346,386,'V. Angelo','Odza','','Angelo','00000',50,NULL,NULL),(347,387,'V. Chameni','Odza','','Chameni','000',50,NULL,NULL),(348,388,'Col Etoundi','Odza','','Etoundi','000',50,NULL,NULL),(349,389,'V. DG  Autorité AER/CI','Odza','','Directeur Général','0000',50,NULL,NULL),(350,390,'V. Dir.Nat. BEAC','Odza','','Directeur Nationale','0000',50,NULL,NULL),(351,391,'V. Djumo Clément ','Odza','','Djumo Clément','0000',50,NULL,NULL),(352,392,'V. Ebongue','Odza','','Ebongue','0000',50,NULL,NULL),(353,393,'V. Esso','Odza','','Esso','000',50,NULL,NULL),(354,394,'V. Evina ','Odza','','Evina','000',50,NULL,NULL),(355,395,'V. Fossuo','Odza','','Fossuo','000',50,NULL,NULL),(356,396,'V. Guere','Odza','','Guere','000',50,NULL,NULL),(357,397,'V. Mbilongo Junior','Odza','','Mbilongo Junior','000',50,NULL,NULL),(358,398,'V. Monayong II','Odza','','Monayong','000',50,NULL,NULL),(359,399,'V. Mongo Essombe','Odza','','Mongo Essombe','000',50,NULL,NULL),(360,400,'Espace Shenguen','Odza','','Gérant','000',50,NULL,NULL),(361,213,'Hoope Cameroun','Odza','','Gérant','000',50,NULL,NULL),(362,402,'V. DG Hotel Mt Fébé','Odza','','Directeur Général','000',50,NULL,NULL),(363,403,'V. Villain','Odza','','Villain','000',50,NULL,NULL),(364,266,'V. DG Douane II','Odza','','Directeur Général','000',50,NULL,NULL),(365,168,'Afriland Hipprodrome','Centre ville','','Directeur Général','000',24,NULL,NULL),(366,168,'Afriland Marché Centrale','Centre ville','','Directeur Général','0000',24,NULL,NULL),(367,168,'Afriland Retraite','Centre ville','','Directeur Général','0000',24,NULL,NULL),(368,410,'Atelier Beauté','Centre ville','','Gérante','000',24,NULL,NULL),(369,411,'Atlantic Assurance','Centre ville','','Directeur Général','000',24,NULL,NULL),(370,261,'Atlantic Bank','Centre ville','','Directeur Général','000',24,NULL,NULL),(371,413,'Axa Assurance','Centre ville','','Directeur Général','000',24,NULL,NULL),(372,414,'Baboum SCI ex Super','Centre ville','','Directeur Général','000',24,NULL,NULL),(373,390,'Beac Nationale','Centre ville','','Directeur Nationale','000',24,NULL,NULL),(374,416,'Boul.Select Plus','Centre ville','','Gérant','000',24,NULL,NULL),(375,417,'Bur.PAM','Centre ville','','Représentant Resident','000',24,NULL,NULL),(376,268,'CEPI','Centre ville','','Directeur Général','000',24,NULL,NULL),(377,419,'CAD','Centre ville','','Directeur Général','000',24,NULL,NULL),(378,210,'CCA Abbia','Centre ville','','Directeur Agence','000',24,NULL,NULL),(379,421,'C.H.C (Hilton)','Centre ville','','Directeur Général','000',24,NULL,NULL),(380,422,'Cab.Mazars','Centre ville','','Directeur Général','000',24,NULL,NULL),(381,423,'Cab.Muna','Centre ville','','Directeur Général','000',24,NULL,NULL),(382,424,'Camnews','Centre ville','','Directeur Général','000',24,NULL,NULL),(383,425,'Campus France','Centre ville','','Directeur Général','0000',24,NULL,NULL),(384,426,'Casino ','Centre ville','','Gérant','000',24,NULL,NULL),(385,25,'CRTV Radio','Centre ville','','Directeur Général','000',24,NULL,NULL),(386,429,'Dir.G. Impots','Centre ville','','Directeur Général','0000',24,NULL,NULL),(387,287,'EDC','Centre ville','','Directeur Général','000',24,NULL,NULL);
/*!40000 ALTER TABLE `contrat_site` ENABLE KEYS */;
UNLOCK TABLES;

--
-- Table structure for table `contrat_site_vigile`
--

DROP TABLE IF EXISTS `contrat_site_vigile`;
/*!40101 SET @saved_cs_client     = @@character_set_client */;
/*!50503 SET character_set_client = utf8mb4 */;
CREATE TABLE `contrat_site_vigile` (
  `idcontrat_site_vigile` int(11) NOT NULL AUTO_INCREMENT,
  `idcontratsite` int(11) DEFAULT NULL,
  `quantite` int(11) DEFAULT NULL,
  `type_vigile` varchar(45) COLLATE utf8mb4_unicode_ci DEFAULT NULL,
  `horaire` varchar(45) COLLATE utf8mb4_unicode_ci DEFAULT NULL,
  PRIMARY KEY (`idcontrat_site_vigile`),
  KEY `fk_contratsitevigile_contratsite_idx` (`idcontratsite`),
  CONSTRAINT `fk_contratsitevigile_contratsite` FOREIGN KEY (`idcontratsite`) REFERENCES `contrat_site` (`idcontrat_site`)
) ENGINE=InnoDB AUTO_INCREMENT=633 DEFAULT CHARSET=utf8mb4 COLLATE=utf8mb4_unicode_ci;
/*!40101 SET character_set_client = @saved_cs_client */;

--
-- Dumping data for table `contrat_site_vigile`
--

LOCK TABLES `contrat_site_vigile` WRITE;
/*!40000 ALTER TABLE `contrat_site_vigile` DISABLE KEYS */;
INSERT INTO `contrat_site_vigile` VALUES (20,15,2,'AGENT','jour'),(22,12,1,'AGENT','jour'),(23,12,1,'AGENT','nuit'),(24,14,1,'AGENT','jour'),(25,14,1,'AGENT','nuit'),(26,15,2,'AGENT','nuit'),(30,17,1,'AGENT','jour'),(31,17,1,'AGENT','nuit'),(32,18,1,'AGENT','jour'),(33,18,1,'AGENT','nuit'),(35,20,2,'ESCORTEUR','jour'),(36,20,1,'AGENT','jour'),(38,21,1,'AGENT','jour'),(41,23,2,'AGENT','nuit'),(42,21,1,'AGENT','nuit'),(43,22,1,'AGENT','nuit'),(44,24,2,'AGENT','jour'),(45,25,2,'AGENT','jour'),(46,26,2,'AGENT','jour'),(47,27,1,'AGENT','jour'),(48,27,1,'AGENT','nuit'),(49,28,1,'AGENT','jour'),(50,28,2,'AGENT','nuit'),(51,29,3,'AGENT','jour'),(52,29,2,'AGENT','nuit'),(53,30,2,'AGENT','jour'),(54,30,2,'AGENT','nuit'),(55,31,1,'AGENT','jour'),(56,31,1,'AGENT','nuit'),(57,32,10,'AGENT','jour'),(58,32,6,'AGENT','nuit'),(59,33,1,'AGENT','jour'),(60,33,2,'AGENT','nuit'),(61,34,1,'AGENT','jour'),(62,34,2,'AGENT','nuit'),(63,35,1,'AGENT','jour'),(64,35,1,'AGENT','nuit'),(65,36,1,'AGENT','jour'),(66,36,2,'AGENT','nuit'),(67,37,1,'AGENT','jour'),(68,37,1,'AGENT','nuit'),(69,38,2,'AGENT','jour'),(70,38,3,'AGENT','nuit'),(71,39,1,'AGENT','nuit'),(72,40,1,'AGENT','jour'),(73,40,2,'AGENT','nuit'),(74,41,1,'AGENT','jour'),(75,41,2,'AGENT','nuit'),(76,43,1,'AGENT','jour'),(77,43,2,'AGENT','nuit'),(78,44,2,'AGENT','jour'),(79,44,2,'AGENT','nuit'),(80,42,1,'AGENT','jour'),(81,42,1,'AGENT','nuit'),(90,45,4,'AGENT','jour'),(91,45,4,'AGENT','nuit'),(92,46,1,'AGENT','jour'),(93,46,1,'AGENT','nuit'),(94,47,12,'AGENT','jour'),(95,47,17,'AGENT','nuit'),(96,48,2,'AGENT','jour'),(97,49,1,'AGENT','jour'),(98,49,1,'AGENT','nuit'),(99,50,1,'AGENT','jour'),(100,50,1,'AGENT','nuit'),(101,56,1,'AGENT','nuit'),(102,60,1,'AGENT','jour'),(103,60,1,'AGENT','nuit'),(104,62,1,'AGENT','jour'),(105,62,1,'AGENT','nuit'),(106,63,2,'AGENT','jour'),(107,63,2,'AGENT','nuit'),(108,65,1,'AGENT','jour'),(112,65,1,'AGENT','nuit'),(113,67,1,'AGENT','jour'),(114,67,1,'AGENT','nuit'),(115,68,1,'AGENT','jour'),(117,68,1,'AGENT','nuit'),(118,69,2,'AGENT','jour'),(119,69,1,'AGENT','nuit'),(128,75,1,'AGENT','jour'),(129,75,1,'AGENT','nuit'),(130,76,1,'AGENT','jour'),(131,76,1,'AGENT','nuit'),(132,77,1,'AGENT','jour'),(133,77,1,'AGENT','nuit'),(134,80,1,'AGENT','jour'),(135,80,2,'AGENT','nuit'),(136,82,1,'AGENT','nuit'),(137,83,1,'AGENT','jour'),(138,83,1,'AGENT','nuit'),(139,84,1,'AGENT','jour'),(140,84,1,'AGENT','nuit'),(141,85,1,'AGENT','nuit'),(142,86,1,'AGENT','jour'),(143,86,1,'AGENT','nuit'),(144,87,1,'AGENT','nuit'),(145,88,1,'AGENT','jour'),(146,88,1,'AGENT','nuit'),(147,89,2,'AGENT','jour'),(148,89,2,'AGENT','nuit'),(149,90,1,'AGENT','nuit'),(150,91,1,'AGENT','jour'),(151,91,1,'AGENT','nuit'),(153,93,1,'AGENT','jour'),(154,93,1,'AGENT','nuit'),(155,94,1,'AGENT','jour'),(156,94,2,'AGENT','nuit'),(157,97,1,'AGENT','nuit'),(158,100,2,'AGENT','nuit'),(159,102,1,'AGENT','nuit'),(160,103,2,'AGENT','nuit'),(161,104,1,'AGENT','nuit'),(164,96,9,'ESCORTEUR','jour'),(165,96,1,'SUPERVISEUR','jour'),(166,96,2,'AGENT','jour'),(167,96,5,'AGENT','nuit'),(168,96,1,'MAITRECHIEN','nuit'),(169,95,1,'AGENT','jour'),(170,95,2,'AGENT','nuit'),(171,105,2,'AGENT','nuit'),(172,106,2,'AGENT','nuit'),(173,112,1,'AGENT','nuit'),(174,113,1,'AGENT','nuit'),(176,116,1,'AGENT','nuit'),(177,117,1,'AGENT','nuit'),(178,118,2,'AGENT','nuit'),(179,119,1,'ESCORTEUR','nuit'),(182,123,1,'AGENT','jour'),(183,123,2,'AGENT','nuit'),(184,114,1,'AGENT','jour'),(185,114,1,'AGENT','nuit'),(186,120,1,'AGENT','jour'),(187,120,2,'AGENT','nuit'),(188,121,1,'AGENT','jour'),(189,121,2,'AGENT','nuit'),(190,122,1,'AGENT','jour'),(191,122,1,'AGENT','nuit'),(192,113,1,'AGENT','jour'),(193,103,5,'AGENT','jour'),(194,106,1,'AGENT','jour'),(195,124,1,'AGENT','jour'),(196,124,1,'AGENT','nuit'),(197,125,2,'AGENT','jour'),(198,125,2,'AGENT','nuit'),(199,126,1,'AGENT','nuit'),(200,127,1,'AGENT','jour'),(201,127,2,'AGENT','nuit'),(203,128,2,'AGENT','jour'),(204,128,2,'AGENT','nuit'),(205,129,1,'AGENT','jour'),(206,129,1,'AGENT','nuit'),(207,130,2,'AGENT','jour'),(208,130,2,'AGENT','nuit'),(209,131,1,'AGENT','jour'),(210,131,1,'AGENT','nuit'),(211,132,2,'AGENT','nuit'),(212,133,1,'AGENT','jour'),(213,133,1,'AGENT','nuit'),(214,98,1,'AGENT','nuit'),(215,66,3,'AGENT','jour'),(216,66,2,'AGENT','nuit'),(218,55,2,'AGENT','jour'),(219,55,2,'AGENT','nuit'),(220,107,6,'AGENT','jour'),(221,107,2,'AGENT','nuit'),(222,78,1,'AGENT','jour'),(223,78,1,'AGENT','nuit'),(224,57,2,'AGENT','jour'),(225,57,2,'AGENT','nuit'),(226,81,1,'AGENT','jour'),(227,81,1,'AGENT','nuit'),(228,134,1,'AGENT','jour'),(229,134,2,'AGENT','nuit'),(230,135,1,'AGENT','jour'),(231,135,2,'AGENT','nuit'),(232,136,3,'AGENT','jour'),(233,136,3,'AGENT','nuit'),(234,137,1,'AGENT','jour'),(235,137,2,'AGENT','nuit'),(236,138,2,'AGENT','jour'),(237,138,1,'AGENT','nuit'),(238,139,2,'AGENT','nuit'),(239,139,2,'AGENT','jour'),(240,140,1,'AGENT','jour'),(241,140,1,'AGENT','nuit'),(242,141,1,'AGENT','jour'),(243,141,1,'AGENT','nuit'),(244,142,1,'AGENT','jour'),(245,142,1,'AGENT','nuit'),(246,143,1,'AGENT','jour'),(247,143,1,'AGENT','nuit'),(248,144,1,'AGENT','jour'),(249,144,1,'AGENT','nuit'),(250,145,1,'AGENT','jour'),(251,145,1,'AGENT','nuit'),(252,146,2,'AGENT','jour'),(253,146,2,'AGENT','nuit'),(254,147,2,'AGENT','jour'),(255,147,2,'AGENT','nuit'),(256,148,1,'AGENT','jour'),(257,148,1,'AGENT','nuit'),(258,149,2,'AGENT','jour'),(259,149,2,'AGENT','nuit'),(260,150,1,'AGENT','jour'),(261,150,2,'AGENT','nuit'),(262,151,1,'AGENT','jour'),(263,151,2,'AGENT','nuit'),(264,152,1,'AGENT','jour'),(265,152,2,'AGENT','nuit'),(266,153,1,'AGENT','jour'),(267,153,1,'AGENT','nuit'),(268,51,1,'AGENT','jour'),(269,51,1,'AGENT','nuit'),(270,52,2,'AGENT','jour'),(271,52,2,'AGENT','nuit'),(272,53,1,'AGENT','jour'),(273,53,1,'AGENT','nuit'),(274,54,1,'AGENT','nuit'),(275,58,2,'AGENT','jour'),(276,58,2,'AGENT','nuit'),(277,59,2,'AGENT','jour'),(278,59,2,'AGENT','nuit'),(279,61,1,'AGENT','nuit'),(280,64,1,'AGENT','jour'),(281,64,2,'AGENT','nuit'),(282,70,1,'AGENT','jour'),(283,70,2,'AGENT','nuit'),(284,71,1,'AGENT','jour'),(286,71,2,'AGENT','nuit'),(287,72,1,'AGENT','jour'),(288,72,2,'AGENT','nuit'),(289,73,1,'AGENT','jour'),(290,73,2,'AGENT','nuit'),(291,111,4,'AGENT','jour'),(292,111,2,'AGENT','nuit'),(293,79,1,'AGENT','jour'),(294,79,2,'AGENT','nuit'),(295,74,1,'AGENT','jour'),(296,74,2,'AGENT','nuit'),(297,92,1,'AGENT','nuit'),(298,108,2,'AGENT','jour'),(299,108,2,'AGENT','nuit'),(300,109,1,'AGENT','jour'),(301,109,1,'AGENT','nuit'),(302,110,2,'AGENT','nuit'),(303,115,2,'AGENT','jour'),(304,115,2,'AGENT','nuit'),(305,154,1,'AGENT','nuit'),(306,155,1,'AGENT','jour'),(307,155,2,'AGENT','nuit'),(308,156,2,'AGENT','nuit'),(309,157,2,'AGENT','jour'),(310,157,2,'AGENT','nuit'),(311,158,1,'AGENT','nuit'),(312,159,1,'AGENT','jour'),(313,159,1,'AGENT','nuit'),(314,160,1,'AGENT','nuit'),(315,161,2,'AGENT','jour'),(316,161,2,'AGENT','nuit'),(317,162,1,'AGENT','nuit'),(318,163,1,'AGENT','nuit'),(319,164,1,'AGENT','nuit'),(320,165,1,'AGENT','nuit'),(321,166,1,'AGENT','nuit'),(322,167,1,'AGENT','nuit'),(323,168,1,'AGENT','nuit'),(324,169,2,'AGENT','nuit'),(325,170,1,'AGENT','nuit'),(326,171,1,'AGENT','jour'),(327,171,1,'AGENT','nuit'),(328,172,1,'AGENT','nuit'),(329,173,1,'AGENT','nuit'),(330,174,1,'AGENT','nuit'),(331,175,1,'AGENT','nuit'),(332,177,2,'AGENT','nuit'),(333,178,1,'AGENT','nuit'),(334,179,1,'AGENT','nuit'),(335,181,1,'AGENT','nuit'),(336,182,6,'AGENT','jour'),(337,182,5,'AGENT','nuit'),(338,183,2,'AGENT','nuit'),(339,184,1,'AGENT','jour'),(340,184,2,'AGENT','nuit'),(341,185,1,'AGENT','jour'),(342,185,1,'AGENT','nuit'),(343,186,1,'AGENT','nuit'),(344,187,1,'AGENT','nuit'),(345,188,1,'AGENT','nuit'),(346,189,1,'AGENT','nuit'),(347,190,1,'AGENT','jour'),(348,190,1,'AGENT','nuit'),(349,191,1,'AGENT','nuit'),(350,192,2,'AGENT','nuit'),(351,193,1,'AGENT','nuit'),(352,194,1,'AGENT','nuit'),(353,195,1,'AGENT','nuit'),(354,196,1,'AGENT','nuit'),(355,195,1,'AGENT','jour'),(356,197,1,'AGENT','nuit'),(357,198,1,'AGENT','nuit'),(358,199,1,'AGENT','jour'),(359,199,1,'AGENT','nuit'),(360,200,1,'AGENT','nuit'),(361,201,1,'AGENT','jour'),(362,201,1,'AGENT','nuit'),(363,202,1,'AGENT','nuit'),(364,203,1,'AGENT','nuit'),(365,204,1,'AGENT','nuit'),(366,205,1,'AGENT','nuit'),(367,206,1,'AGENT','jour'),(368,206,1,'AGENT','nuit'),(369,207,1,'AGENT','nuit'),(370,208,1,'AGENT','nuit'),(371,209,1,'AGENT','nuit'),(372,210,1,'AGENT','nuit'),(373,211,1,'AGENT','nuit'),(374,212,1,'AGENT','nuit'),(375,213,1,'AGENT','nuit'),(376,214,1,'AGENT','nuit'),(377,215,1,'AGENT','nuit'),(378,216,1,'AGENT','nuit'),(379,216,1,'MAITRECHIEN','nuit'),(380,217,1,'AGENT','nuit'),(381,218,1,'AGENT','nuit'),(382,219,2,'AGENT','nuit'),(383,220,1,'AGENT','nuit'),(384,221,2,'AGENT','nuit'),(385,222,8,'AGENT','jour'),(386,222,3,'AGENT','nuit'),(387,223,1,'AGENT','nuit'),(388,223,1,'AGENT','jour'),(389,224,1,'AGENT','jour'),(390,224,1,'AGENT','nuit'),(391,225,2,'AGENT','nuit'),(392,226,2,'AGENT','jour'),(393,226,2,'AGENT','nuit'),(394,227,1,'AGENT','jour'),(395,227,1,'AGENT','nuit'),(396,228,1,'AGENT','jour'),(397,228,1,'AGENT','nuit'),(398,229,2,'AGENT','jour'),(399,229,1,'AGENT','nuit'),(400,230,2,'AGENT','jour'),(401,230,2,'AGENT','nuit'),(402,231,1,'AGENT','nuit'),(403,232,1,'AGENT','nuit'),(404,233,1,'AGENT','nuit'),(405,234,1,'AGENT','nuit'),(406,235,1,'AGENT','nuit'),(407,236,1,'AGENT','jour'),(408,236,1,'AGENT','nuit'),(409,237,1,'AGENT','nuit'),(410,238,1,'AGENT','nuit'),(411,239,1,'AGENT','nuit'),(412,240,1,'AGENT','nuit'),(413,241,2,'AGENT','jour'),(414,241,1,'AGENT','nuit'),(415,242,1,'AGENT','nuit'),(416,243,3,'AGENT','jour'),(417,243,3,'AGENT','nuit'),(418,244,1,'AGENT','jour'),(419,244,1,'AGENT','nuit'),(420,245,1,'AGENT','jour'),(421,245,1,'AGENT','nuit'),(422,246,2,'AGENT','jour'),(423,246,2,'AGENT','nuit'),(424,247,1,'AGENT','nuit'),(425,248,2,'AGENT','jour'),(426,248,1,'AGENT','nuit'),(427,249,1,'AGENT','nuit'),(428,250,1,'AGENT','nuit'),(429,251,1,'AGENT','nuit'),(430,252,1,'AGENT','jour'),(431,252,1,'AGENT','nuit'),(432,253,1,'AGENT','nuit'),(433,254,1,'AGENT','nuit'),(434,255,1,'AGENT','nuit'),(435,256,1,'AGENT','nuit'),(436,257,1,'AGENT','nuit'),(437,258,1,'AGENT','nuit'),(438,259,1,'AGENT','nuit'),(439,260,2,'AGENT','jour'),(440,260,2,'AGENT','nuit'),(441,261,2,'AGENT','jour'),(442,261,5,'AGENT','nuit'),(443,261,4,'MAITRECHIEN','nuit'),(444,262,1,'AGENT','nuit'),(445,263,1,'AGENT','nuit'),(446,265,1,'AGENT','jour'),(447,265,1,'AGENT','nuit'),(448,266,1,'AGENT','nuit'),(449,267,1,'AGENT','jour'),(450,267,1,'AGENT','nuit'),(451,268,1,'AGENT','jour'),(452,268,1,'AGENT','nuit'),(453,269,1,'AGENT','jour'),(454,269,2,'AGENT','nuit'),(455,270,1,'AGENT','jour'),(456,270,1,'AGENT','nuit'),(457,271,1,'AGENT','jour'),(458,271,2,'MAITRECHIEN','nuit'),(459,272,1,'AGENT','jour'),(460,272,2,'AGENT','nuit'),(461,273,1,'AGENT','jour'),(462,273,1,'AGENT','nuit'),(463,274,10,'AGENT','jour'),(464,274,11,'AGENT','nuit'),(465,275,1,'AGENT','jour'),(466,275,1,'AGENT','nuit'),(467,276,1,'AGENT','jour'),(468,276,1,'AGENT','nuit'),(469,277,1,'AGENT','jour'),(470,277,1,'AGENT','nuit'),(471,278,1,'AGENT','nuit'),(472,279,1,'AGENT','nuit'),(473,280,1,'AGENT','jour'),(474,280,1,'AGENT','nuit'),(475,281,1,'AGENT','jour'),(476,281,1,'AGENT','nuit'),(477,282,1,'AGENT','jour'),(478,282,1,'AGENT','nuit'),(479,283,1,'AGENT','jour'),(480,283,1,'AGENT','nuit'),(481,284,1,'AGENT','jour'),(482,284,1,'AGENT','nuit'),(483,285,1,'AGENT','jour'),(484,285,1,'AGENT','nuit'),(485,286,1,'AGENT','jour'),(486,286,2,'AGENT','nuit'),(487,287,1,'AGENT','nuit'),(488,288,1,'AGENT','nuit'),(489,289,1,'AGENT','jour'),(490,289,1,'AGENT','nuit'),(491,290,1,'AGENT','jour'),(493,290,2,'AGENT','nuit'),(494,291,1,'AGENT','jour'),(495,291,1,'AGENT','nuit'),(497,292,1,'AGENT','nuit'),(498,292,2,'AGENT','jour'),(499,293,1,'AGENT','nuit'),(500,294,1,'AGENT','jour'),(501,294,2,'AGENT','nuit'),(502,295,2,'AGENT','jour'),(503,295,2,'AGENT','nuit'),(504,296,1,'AGENT','jour'),(505,296,1,'AGENT','nuit'),(506,297,1,'AGENT','jour'),(507,297,1,'AGENT','nuit'),(508,298,1,'AGENT','jour'),(509,298,1,'AGENT','nuit'),(510,299,1,'AGENT','nuit'),(511,300,1,'AGENT','jour'),(512,300,1,'AGENT','nuit'),(513,301,1,'AGENT','jour'),(514,301,1,'AGENT','nuit'),(515,302,1,'AGENT','nuit'),(516,303,1,'AGENT','jour'),(517,303,1,'AGENT','nuit'),(518,304,1,'AGENT','nuit'),(519,305,1,'AGENT','jour'),(520,305,1,'AGENT','nuit'),(521,306,3,'AGENT','nuit'),(522,307,1,'AGENT','jour'),(523,307,1,'AGENT','nuit'),(524,308,1,'AGENT','jour'),(525,308,1,'AGENT','nuit'),(526,309,1,'AGENT','nuit'),(527,310,1,'AGENT','jour'),(528,310,1,'AGENT','nuit'),(529,311,1,'AGENT','nuit'),(530,312,4,'AGENT','jour'),(531,312,2,'AGENT','nuit'),(532,313,1,'AGENT','nuit'),(533,314,1,'AGENT','nuit'),(534,315,1,'AGENT','nuit'),(535,316,1,'AGENT','nuit'),(536,317,1,'AGENT','nuit'),(537,319,2,'AGENT','nuit'),(538,320,1,'AGENT','nuit'),(539,321,1,'AGENT','jour'),(540,321,1,'AGENT','nuit'),(541,322,2,'AGENT','nuit'),(542,323,1,'AGENT','nuit'),(544,324,1,'AGENT','nuit'),(545,325,1,'AGENT','jour'),(546,325,1,'AGENT','nuit'),(547,326,2,'AGENT','nuit'),(548,327,1,'AGENT','nuit'),(549,328,1,'AGENT','nuit'),(550,329,2,'AGENT','jour'),(551,329,1,'AGENT','nuit'),(552,330,1,'AGENT','jour'),(553,330,1,'AGENT','nuit'),(554,331,1,'AGENT','nuit'),(555,332,1,'AGENT','nuit'),(556,333,1,'AGENT','nuit'),(557,334,1,'AGENT','nuit'),(558,335,1,'AGENT','nuit'),(559,336,1,'AGENT','nuit'),(560,337,1,'AGENT','nuit'),(561,338,1,'AGENT','nuit'),(562,339,1,'AGENT','nuit'),(563,340,1,'AGENT','nuit'),(564,341,2,'AGENT','nuit'),(565,342,1,'AGENT','nuit'),(566,343,1,'AGENT','nuit'),(567,344,1,'AGENT','nuit'),(568,345,1,'AGENT','nuit'),(569,346,1,'AGENT','nuit'),(570,347,1,'AGENT','nuit'),(571,348,1,'AGENT','nuit'),(572,349,2,'AGENT','nuit'),(573,350,1,'AGENT','nuit'),(574,351,1,'AGENT','nuit'),(575,352,1,'AGENT','nuit'),(576,353,1,'AGENT','nuit'),(577,354,1,'AGENT','nuit'),(578,355,1,'AGENT','nuit'),(579,356,1,'AGENT','nuit'),(580,357,1,'AGENT','nuit'),(581,358,1,'AGENT','nuit'),(582,359,1,'AGENT','nuit'),(583,360,1,'AGENT','nuit'),(584,361,1,'AGENT','nuit'),(585,362,1,'AGENT','nuit'),(586,363,1,'AGENT','nuit'),(587,364,1,'AGENT','nuit'),(588,365,5,'AGENT','jour'),(589,365,5,'AGENT','nuit'),(590,366,2,'AGENT','jour'),(591,366,2,'AGENT','nuit'),(592,367,1,'AGENT','jour'),(593,367,2,'AGENT','nuit'),(594,368,1,'AGENT','jour'),(595,368,1,'AGENT','nuit'),(596,369,1,'AGENT','jour'),(597,369,1,'AGENT','nuit'),(598,370,2,'AGENT','jour'),(600,370,3,'AGENT','nuit'),(601,371,2,'AGENT','jour'),(602,371,2,'AGENT','nuit'),(603,372,1,'AGENT','jour'),(604,372,1,'AGENT','nuit'),(605,373,3,'AGENT','jour'),(606,373,2,'AGENT','nuit'),(607,374,3,'AGENT','jour'),(608,374,1,'AGENT','nuit'),(609,375,4,'AGENT','jour'),(610,375,4,'MAITRECHIEN','nuit'),(611,376,1,'AGENT','jour'),(612,376,2,'AGENT','nuit'),(613,377,1,'AGENT','jour'),(614,377,1,'AGENT','nuit'),(615,378,1,'AGENT','jour'),(616,378,1,'AGENT','nuit'),(617,379,7,'AGENT','jour'),(618,379,8,'AGENT','nuit'),(619,380,1,'AGENT','jour'),(620,380,1,'AGENT','nuit'),(621,381,1,'AGENT','jour'),(622,381,1,'AGENT','nuit'),(623,382,1,'AGENT','jour'),(624,382,1,'AGENT','nuit'),(625,383,1,'AGENT','jour'),(626,383,1,'AGENT','nuit'),(627,384,11,'AGENT','jour'),(628,384,2,'AGENT','nuit'),(629,385,11,'AGENT','jour'),(630,385,11,'AGENT','nuit'),(631,386,4,'AGENT','jour'),(632,387,8,'AGENT','jour');
/*!40000 ALTER TABLE `contrat_site_vigile` ENABLE KEYS */;
UNLOCK TABLES;

--
-- Table structure for table `equipement`
--

DROP TABLE IF EXISTS `equipement`;
/*!40101 SET @saved_cs_client     = @@character_set_client */;
/*!50503 SET character_set_client = utf8mb4 */;
CREATE TABLE `equipement` (
  `idequipement` int(11) NOT NULL AUTO_INCREMENT,
  `code` varchar(25) COLLATE utf8mb4_unicode_ci DEFAULT NULL,
  `libelle` varchar(255) COLLATE utf8mb4_unicode_ci DEFAULT NULL,
  `basique` tinyint(1) DEFAULT NULL,
  `defaut` int(11) DEFAULT NULL,
  PRIMARY KEY (`idequipement`)
) ENGINE=InnoDB AUTO_INCREMENT=14 DEFAULT CHARSET=utf8mb4 COLLATE=utf8mb4_unicode_ci;
/*!40101 SET character_set_client = @saved_cs_client */;

--
-- Dumping data for table `equipement`
--

LOCK TABLES `equipement` WRITE;
/*!40000 ALTER TABLE `equipement` DISABLE KEYS */;
INSERT INTO `equipement` VALUES (2,NULL,'Casquette',1,1),(3,NULL,'Porte Matraque',NULL,NULL),(4,NULL,'Pullover',1,1),(5,NULL,'Chemisette',NULL,NULL),(6,NULL,'Matraque',NULL,NULL),(7,NULL,'Manteau',NULL,NULL),(8,NULL,'Sifflet',1,1),(9,NULL,'Combinaison MC',NULL,NULL),(10,NULL,'Epaulettes',NULL,NULL),(11,NULL,'Pantalon',NULL,4),(12,'Veste','Veste',1,1),(13,NULL,'Fourragère',NULL,NULL);
/*!40000 ALTER TABLE `equipement` ENABLE KEYS */;
UNLOCK TABLES;

--
-- Table structure for table `equipement_vigile`
--

DROP TABLE IF EXISTS `equipement_vigile`;
/*!40101 SET @saved_cs_client     = @@character_set_client */;
/*!50503 SET character_set_client = utf8mb4 */;
CREATE TABLE `equipement_vigile` (
  `idequipement_vigile` varchar(255) COLLATE utf8mb4_unicode_ci NOT NULL,
  `idvigile` int(11) DEFAULT NULL,
  `idequipement` int(11) DEFAULT NULL,
  `quantite` int(11) DEFAULT NULL,
  `restituee` tinyint(1) DEFAULT NULL,
  PRIMARY KEY (`idequipement_vigile`),
  KEY `fk_equipementvigile_vigile_idx` (`idvigile`),
  KEY `fk_equipementvigile_equipement_idx` (`idequipement`),
  CONSTRAINT `fk_equipementvigile_equipement` FOREIGN KEY (`idequipement`) REFERENCES `equipement` (`idequipement`),
  CONSTRAINT `fk_equipementvigile_vigile` FOREIGN KEY (`idvigile`) REFERENCES `vigile` (`idvigile`)
) ENGINE=InnoDB DEFAULT CHARSET=utf8mb4 COLLATE=utf8mb4_unicode_ci;
/*!40101 SET character_set_client = @saved_cs_client */;

--
-- Dumping data for table `equipement_vigile`
--

LOCK TABLES `equipement_vigile` WRITE;
/*!40000 ALTER TABLE `equipement_vigile` DISABLE KEYS */;
/*!40000 ALTER TABLE `equipement_vigile` ENABLE KEYS */;
UNLOCK TABLES;

--
-- Table structure for table `facture`
--

DROP TABLE IF EXISTS `facture`;
/*!40101 SET @saved_cs_client     = @@character_set_client */;
/*!50503 SET character_set_client = utf8mb4 */;
CREATE TABLE `facture` (
  `idfacture` int(11) NOT NULL AUTO_INCREMENT,
  `idcontrat` int(11) DEFAULT NULL,
  `montant` double DEFAULT NULL,
  `numero` varchar(45) COLLATE utf8mb4_unicode_ci DEFAULT NULL,
  `date` date DEFAULT NULL,
  `mois` varchar(45) COLLATE utf8mb4_unicode_ci DEFAULT NULL,
  PRIMARY KEY (`idfacture`),
  KEY `fk_facture_contrat_idx` (`idcontrat`),
  CONSTRAINT `fk_facture_contrat` FOREIGN KEY (`idcontrat`) REFERENCES `facture` (`idfacture`)
) ENGINE=InnoDB DEFAULT CHARSET=utf8mb4 COLLATE=utf8mb4_unicode_ci;
/*!40101 SET character_set_client = @saved_cs_client */;

--
-- Dumping data for table `facture`
--

LOCK TABLES `facture` WRITE;
/*!40000 ALTER TABLE `facture` DISABLE KEYS */;
/*!40000 ALTER TABLE `facture` ENABLE KEYS */;
UNLOCK TABLES;

--
-- Table structure for table `facture_ligne`
--

DROP TABLE IF EXISTS `facture_ligne`;
/*!40101 SET @saved_cs_client     = @@character_set_client */;
/*!50503 SET character_set_client = utf8mb4 */;
CREATE TABLE `facture_ligne` (
  `idfacture_ligne` int(11) NOT NULL AUTO_INCREMENT,
  `idfacture` int(11) DEFAULT NULL,
  `libelle` varchar(45) COLLATE utf8mb4_unicode_ci DEFAULT NULL,
  `montant` double DEFAULT NULL,
  `justificatif` longtext COLLATE utf8mb4_unicode_ci,
  PRIMARY KEY (`idfacture_ligne`),
  KEY `fk_factureligne_facture_idx` (`idfacture`),
  CONSTRAINT `fk_factureligne_facture` FOREIGN KEY (`idfacture`) REFERENCES `facture` (`idfacture`)
) ENGINE=InnoDB DEFAULT CHARSET=utf8mb4 COLLATE=utf8mb4_unicode_ci;
/*!40101 SET character_set_client = @saved_cs_client */;

--
-- Dumping data for table `facture_ligne`
--

LOCK TABLES `facture_ligne` WRITE;
/*!40000 ALTER TABLE `facture_ligne` DISABLE KEYS */;
/*!40000 ALTER TABLE `facture_ligne` ENABLE KEYS */;
UNLOCK TABLES;

--
-- Table structure for table `motif`
--

DROP TABLE IF EXISTS `motif`;
/*!40101 SET @saved_cs_client     = @@character_set_client */;
/*!50503 SET character_set_client = utf8mb4 */;
CREATE TABLE `motif` (
  `idmotif` int(11) NOT NULL AUTO_INCREMENT,
  `code` varchar(45) COLLATE utf8mb4_unicode_ci DEFAULT NULL,
  `libelle` varchar(45) COLLATE utf8mb4_unicode_ci DEFAULT NULL,
  `tarif` double DEFAULT NULL,
  PRIMARY KEY (`idmotif`)
) ENGINE=InnoDB AUTO_INCREMENT=5 DEFAULT CHARSET=utf8mb4 COLLATE=utf8mb4_unicode_ci;
/*!40101 SET character_set_client = @saved_cs_client */;

--
-- Dumping data for table `motif`
--

LOCK TABLES `motif` WRITE;
/*!40000 ALTER TABLE `motif` DISABLE KEYS */;
INSERT INTO `motif` VALUES (1,'1','Aucun',NULL),(2,'2','Deuil',NULL),(3,'3','Maladie',NULL),(4,'4','Personnel',NULL);
/*!40000 ALTER TABLE `motif` ENABLE KEYS */;
UNLOCK TABLES;

--
-- Table structure for table `nationalite`
--

DROP TABLE IF EXISTS `nationalite`;
/*!40101 SET @saved_cs_client     = @@character_set_client */;
/*!50503 SET character_set_client = utf8mb4 */;
CREATE TABLE `nationalite` (
  `idnationalite` int(11) NOT NULL AUTO_INCREMENT,
  `code` varchar(45) COLLATE utf8mb4_unicode_ci DEFAULT NULL,
  `libelle` varchar(45) COLLATE utf8mb4_unicode_ci DEFAULT NULL,
  PRIMARY KEY (`idnationalite`)
) ENGINE=InnoDB AUTO_INCREMENT=12 DEFAULT CHARSET=utf8mb4 COLLATE=utf8mb4_unicode_ci;
/*!40101 SET character_set_client = @saved_cs_client */;

--
-- Dumping data for table `nationalite`
--

LOCK TABLES `nationalite` WRITE;
/*!40000 ALTER TABLE `nationalite` DISABLE KEYS */;
INSERT INTO `nationalite` VALUES (1,'1','Camerounaise'),(2,'2','Gabonnaise'),(3,'3','Sénégalaise'),(11,'3','TOGOLAISE');
/*!40000 ALTER TABLE `nationalite` ENABLE KEYS */;
UNLOCK TABLES;

--
-- Table structure for table `permission`
--

DROP TABLE IF EXISTS `permission`;
/*!40101 SET @saved_cs_client     = @@character_set_client */;
/*!50503 SET character_set_client = utf8mb4 */;
CREATE TABLE `permission` (
  `idpermission` int(11) NOT NULL AUTO_INCREMENT,
  `idvigile` int(11) DEFAULT NULL,
  `date` date DEFAULT NULL,
  `date_debut` date DEFAULT NULL,
  `date_fin` date DEFAULT NULL,
  `commentaire` longtext COLLATE utf8mb4_unicode_ci,
  PRIMARY KEY (`idpermission`),
  KEY `fk_permission_vigile_idx` (`idvigile`),
  CONSTRAINT `fk_permission_vigile` FOREIGN KEY (`idvigile`) REFERENCES `vigile` (`idvigile`)
) ENGINE=InnoDB DEFAULT CHARSET=utf8mb4 COLLATE=utf8mb4_unicode_ci;
/*!40101 SET character_set_client = @saved_cs_client */;

--
-- Dumping data for table `permission`
--

LOCK TABLES `permission` WRITE;
/*!40000 ALTER TABLE `permission` DISABLE KEYS */;
/*!40000 ALTER TABLE `permission` ENABLE KEYS */;
UNLOCK TABLES;

--
-- Table structure for table `poste`
--

DROP TABLE IF EXISTS `poste`;
/*!40101 SET @saved_cs_client     = @@character_set_client */;
/*!50503 SET character_set_client = utf8mb4 */;
CREATE TABLE `poste` (
  `idposte` int(11) NOT NULL AUTO_INCREMENT,
  `code` varchar(45) COLLATE utf8mb4_unicode_ci DEFAULT NULL,
  `libelle` varchar(45) COLLATE utf8mb4_unicode_ci DEFAULT NULL,
  `zone` int(11) DEFAULT NULL,
  `zone_jour` int(11) DEFAULT NULL,
  `zone_nuit` int(11) DEFAULT NULL,
  `contrat` varchar(45) COLLATE utf8mb4_unicode_ci DEFAULT NULL,
  `debut_contrat` date DEFAULT NULL,
  `fin_contrat` date DEFAULT NULL,
  `nombre_vigile_jour` int(11) DEFAULT NULL,
  `nombre_vigile_nuit` int(11) DEFAULT NULL,
  `nombre_MC` int(11) DEFAULT NULL,
  `nombre_ESC` int(11) DEFAULT NULL,
  `nombre_radio` int(11) DEFAULT NULL,
  `contact` varchar(45) COLLATE utf8mb4_unicode_ci DEFAULT NULL,
  `tel` varchar(45) COLLATE utf8mb4_unicode_ci DEFAULT NULL,
  `prime` tinyint(1) DEFAULT NULL,
  `abrege` varchar(45) COLLATE utf8mb4_unicode_ci DEFAULT NULL,
  `idquartier` int(11) DEFAULT NULL,
  `note` int(11) DEFAULT NULL,
  `longitude` double DEFAULT NULL,
  `latitude` double DEFAULT NULL,
  `organisme` tinyint(1) DEFAULT NULL,
  `numero` int(11) DEFAULT NULL,
  `description` varchar(255) COLLATE utf8mb4_unicode_ci DEFAULT NULL,
  `bon` tinyint(1) DEFAULT NULL,
  `idcontratsite` int(11) DEFAULT NULL,
  `horaire` varchar(45) COLLATE utf8mb4_unicode_ci DEFAULT NULL,
  `statut` varchar(45) COLLATE utf8mb4_unicode_ci DEFAULT NULL,
  PRIMARY KEY (`idposte`),
  KEY `fk_poste_zone_idx` (`zone`),
  KEY `fk_poste_quartier_idx` (`idquartier`),
  KEY `fk_poste_contratsite_idx` (`idcontratsite`),
  CONSTRAINT `fk_poste_contratsite` FOREIGN KEY (`idcontratsite`) REFERENCES `contrat_site` (`idcontrat_site`),
  CONSTRAINT `fk_poste_quartier` FOREIGN KEY (`idquartier`) REFERENCES `quartier` (`idquartier`),
  CONSTRAINT `fk_poste_zone` FOREIGN KEY (`zone`) REFERENCES `zone` (`idzone`)
) ENGINE=InnoDB AUTO_INCREMENT=252 DEFAULT CHARSET=utf8mb4 COLLATE=utf8mb4_unicode_ci;
/*!40101 SET character_set_client = @saved_cs_client */;

--
-- Dumping data for table `poste`
--

LOCK TABLES `poste` WRITE;
/*!40000 ALTER TABLE `poste` DISABLE KEYS */;
INSERT INTO `poste` VALUES (39,'CAMI Mvan','CAMI Mvan',21,NULL,NULL,'En ',NULL,NULL,0,0,0,0,0,'Ismaél Carma','696543475',1,'CAMI Mvan',12,0,0,0,0,NULL,'Dispose d\'une guérite et d\'un endroit sécurisé',1,12,'jour',NULL),(40,'CAMIMvan-N','CAMI Mvan Nuit',22,NULL,NULL,'En ',NULL,NULL,0,0,0,0,0,'Ismaél Carma','696543475',1,'CAMIMvan-N',12,0,0,0,0,NULL,'Dispose d\'une guérite et d\'un endroit sécurisé',1,12,'nuit',NULL),(41,'CAMITOYOTANgoussoNUIT','CAMI TOYOTA Ngousso NUIT',22,NULL,NULL,'En ',NULL,NULL,0,0,0,0,0,'','',1,'CAMITOYOTANgoussoNUIT',14,0,0,0,0,NULL,'',1,14,'nuit',NULL),(42,'Postenoncontractuel1JOUR','Poste non contractuel 1 JOUR',21,NULL,NULL,'En ',NULL,NULL,0,0,0,0,0,'Eric Garcia','69868686',1,'Postenoncontractuel1JOUR',8,0,0,0,0,NULL,'Etoa Meki : Foir des bonnes affaires',1,NULL,'jour',NULL),(43,'CRTVDragageJOUR','CRTV Dragage JOUR',21,NULL,NULL,'En ',NULL,NULL,0,0,0,0,0,'Ebenzer','677889900',1,'CRTVDragageJOUR',10,0,0,0,0,NULL,'Entrée à gauche',1,15,'jour',NULL),(44,'CRTVDragageNUIT','CRTV Dragage NUIT',22,NULL,NULL,'En ',NULL,NULL,0,0,0,0,0,'Ebenzer','677889900',1,'CRTVDragageNUIT',10,0,0,0,0,NULL,'Entrée à gauche',1,15,'nuit',NULL),(45,'CAMITOYOTANgoussoJOUR','CAMI TOYOTA Ngousso JOUR',21,NULL,NULL,'En ',NULL,NULL,0,0,0,0,0,'Ulrich Batang','695744444',1,'CAMITOYOTANgoussoJOUR',14,0,0,0,0,NULL,'',1,14,'jour',NULL),(46,'SiègesocialSIATECHNOLOGYGROUPJOUR','Siège social SIA TECHNOLOGY GROUP JOUR',21,NULL,NULL,'En ',NULL,NULL,0,0,0,0,0,'Mr KABIROU SALAO','694454594',1,'SiègesocialSIATECHNOLOGYGROUPJOUR',15,0,0,0,0,NULL,'En Face Caserne des meubles',1,17,'jour',NULL),(47,'SiègesocialSIATECHNOLOGYGROUPNUIT','Siège social SIA TECHNOLOGY GROUP NUIT',22,NULL,NULL,'En ',NULL,NULL,0,0,0,0,0,'Mr KABIROU SALAO','694454594',1,'SiègesocialSIATECHNOLOGYGROUPNUIT',15,0,0,0,0,NULL,'En Face Caserne des meubles',1,17,'nuit',NULL),(48,'DélégationrégionaleJOUR','Délégation  régionale JOUR',21,NULL,NULL,'En ',NULL,NULL,0,0,0,0,0,'MUANZA KANGUDIE','694454584',1,'DélégationrégionaleJOUR',9,0,0,0,0,NULL,'En face TOTAL',1,18,'jour',NULL),(49,'DélégationrégionaleNUIT','Délégation  régionale NUIT',22,NULL,NULL,'En ',NULL,NULL,0,0,0,0,0,'MUANZA KANGUDIE','694454584',1,'DélégationrégionaleNUIT',9,0,0,0,0,NULL,'En face TOTAL',1,18,'nuit',NULL),(50,'DGELECNORJOURNUIT','DG ELECNOR JOUR NUIT',22,NULL,NULL,'En ',NULL,NULL,0,0,0,0,0,'JEAN','22222222',1,'DGELECNORJOURNUIT',16,0,0,0,0,NULL,'POSTE CLE',1,20,'nuit',NULL),(51,'DGELECNORJOUR','DG ELECNOR JOUR',24,NULL,NULL,'En ',NULL,NULL,0,0,0,0,0,'JEAN','22222222',1,'DGELECNORJOUR',16,0,0,0,0,NULL,'POSTE CLE',1,20,'jour',NULL),(52,'DGAELECNORJOUR','DGA ELECNOR LOUIS BITOL',24,NULL,NULL,'En ',NULL,NULL,0,0,0,0,0,'PAUL','672900263',1,'DGAELECNORJOUR',17,0,0,0,0,NULL,'CLASS A',1,21,'jour',NULL),(53,'DGAELECNORNUIT','DGA ELECNOR LOUIS BITOL',22,NULL,NULL,'En ',NULL,NULL,0,0,0,0,0,'PAUL','672900263',1,'DGAELECNORNUIT',17,0,0,0,0,NULL,'CLASS A',1,21,'nuit',NULL),(54,'PCAELECNORNUIT','PCA ELECNOR NUIT',23,NULL,NULL,'En ',NULL,NULL,0,0,0,0,0,'RICHARD','698700235',1,'PCAELECNORNUIT',18,0,0,0,0,NULL,'',1,22,'nuit',NULL),(56,'RHNUIT','RH NUIT',22,NULL,NULL,'En ',NULL,NULL,0,0,0,0,0,'CHRIST','690102322',1,'RHNUIT',19,0,0,0,0,NULL,'',1,23,'nuit',NULL),(57,'SCBMARCHEJOUR','SCB MARCHE JOUR',35,NULL,NULL,'En ',NULL,NULL,0,0,0,0,0,'PAUL','690999819',1,'SCBMARCHEJOUR',9,0,0,0,0,NULL,'',1,24,'jour',NULL),(58,'BURMINEREXJOUR','BUR MINEREX JOUR',35,NULL,NULL,'En ','2022-12-01','2022-12-01',0,0,0,0,0,'PIERRE CLAIRE','960023600',1,'BURMINEREXJOUR',16,0,0,0,0,NULL,'',0,25,'jour',NULL),(59,'SNIJOUR','SNI JOUR',35,NULL,NULL,'En ','2022-12-01','2022-12-01',0,0,0,0,0,'FULBER DU BOIS','69002236',1,'SNIJOUR',22,0,0,0,1,NULL,'',0,26,'jour',NULL),(60,'V.MrHAssanJOUR','V. Mr HAssan JOUR',35,NULL,NULL,'En ','2023-02-01','2023-02-01',0,0,0,0,0,'Mr HAssan','3553583535',1,'V.MrHAssanJOUR',23,0,0,0,0,NULL,'',0,27,'jour',NULL),(61,'V.Rep.UNICEF(NU)JOUR','V. Rep. UNICEF(NU) JOUR',39,NULL,NULL,'En ','2023-03-14','2023-03-14',0,0,0,0,0,'Représentant Résident ','000000000',1,'V.Rep.UNICEF(NU)JOUR',9,0,0,0,1,NULL,'Bastos',0,95,'jour',NULL),(62,'V.Rep.UNICEF(NU)NUIT','V. Rep. UNICEF(NU) NUIT',21,NULL,NULL,'En ','2023-03-14','2023-03-14',0,0,0,0,0,'Représentant Résident ','000000000',1,'V.Rep.UNICEF(NU)NUIT',9,0,0,0,1,NULL,'Bastos',0,95,'nuit',NULL),(63,'UNICEF(NU)JOUR','UNICEF(NU) JOUR',39,NULL,NULL,'En ','2023-03-14','2023-03-14',0,0,0,0,0,'Représentant Résident','00000000',1,'UNICEF(NU)JOUR',9,0,0,0,1,NULL,'Bastos',0,96,'jour',NULL),(64,'UNICEF(NU)NUIT','UNICEF(NU) NUIT',21,NULL,NULL,'En ','2023-03-14','2023-03-14',0,0,0,0,0,'Représentant Résident','00000000',1,'UNICEF(NU)NUIT',9,0,0,0,1,NULL,'Bastos',0,96,'nuit',NULL),(65,'V.DAFSATOMJOUR','V. DAF SATOM JOUR',39,NULL,NULL,'En ','2023-03-14','2023-03-14',0,0,0,0,0,'Directeur Général','000000000',1,'V.DAFSATOMJOUR',9,0,0,0,0,NULL,'Bastos',0,51,'jour',NULL),(66,'V.DAFSATOMNUIT','V. DAF SATOM NUIT',21,NULL,NULL,'En ','2023-03-14','2023-03-14',0,0,0,0,0,'Directeur Général','000000000',1,'V.DAFSATOMNUIT',9,0,0,0,0,NULL,'Bastos',0,51,'nuit',NULL),(67,'DITIONSATOMJOUR','DITION SATOM JOUR',39,NULL,NULL,'En ','2023-03-14','2023-03-14',0,0,0,0,0,'Directeur Général ','000000000',1,'DITIONSATOMJOUR',9,0,0,0,0,NULL,'Bastos',0,52,'jour',NULL),(68,'DITIONSATOMNUIT','DITION SATOM NUIT',21,NULL,NULL,'En ','2023-03-14','2023-03-14',0,0,0,0,0,'Directeur Général ','000000000',1,'DITIONSATOMNUIT',9,0,0,0,0,NULL,'Bastos',0,52,'nuit',NULL),(69,'AGBARNOJOUR','AGB ARNO  JOUR',39,NULL,NULL,'En ','2023-03-14','2023-03-14',0,0,0,0,0,'Directeur Général ','000000000',1,'AGBARNOJOUR',9,0,0,0,0,NULL,'Bastos',0,53,'jour',NULL),(70,'AGBARNONUIT','AGB ARNO  NUIT',21,NULL,NULL,'En ','2023-03-14','2023-03-14',0,0,0,0,0,'Directeur Général ','000000000',1,'AGBARNONUIT',9,0,0,0,0,NULL,'Bastos',0,53,'nuit',NULL),(71,'BProjetPNUDJOUR','B Projet PNUD JOUR',39,NULL,NULL,'En ','2023-03-14','2023-03-14',0,0,0,0,0,'Représentant résident','000000000',1,'BProjetPNUDJOUR',9,0,0,0,1,NULL,'Bastos',0,55,'jour',NULL),(72,'BProjetPNUDNUIT','B Projet PNUD NUIT',21,NULL,NULL,'En ','2023-03-14','2023-03-14',0,0,0,0,0,'Représentant résident','000000000',1,'BProjetPNUDNUIT',9,0,0,0,1,NULL,'Bastos',0,55,'nuit',NULL),(73,'Bur.PNUDJOUR','Bur. PNUD JOUR',39,NULL,NULL,'En ','2023-03-14','2023-03-14',0,0,0,0,0,'Représentant résident ','00000000',1,'Bur.PNUDJOUR',9,0,0,0,1,NULL,'Bastos',0,107,'jour',NULL),(74,'Bur.PNUDNUIT','Bur. PNUD NUIT',21,NULL,NULL,'En ','2023-03-14','2023-03-14',0,0,0,0,0,'Représentant résident ','00000000',1,'Bur.PNUDNUIT',9,0,0,0,1,NULL,'Bastos',0,107,'nuit',NULL),(75,'AppRepHCRNUIT','App Rep HCR NUIT',21,NULL,NULL,'En ','2023-03-14','2023-03-14',0,0,0,0,0,'Représentant résident ','000000000',1,'AppRepHCRNUIT',9,0,0,0,1,NULL,'Bastos',0,54,'nuit',NULL),(76,'ApptMayaF(Unicef)NUIT','Appt Maya F (Unicef) NUIT',21,NULL,NULL,'En ','2023-03-14','2023-03-14',0,0,0,0,0,'Maya F','000000000',1,'ApptMayaF(Unicef)NUIT',9,0,0,0,0,NULL,'Bastos',0,56,'nuit',NULL),(77,'BurCARPAJOUR','Bur CARPA JOUR',39,NULL,NULL,'En ','2023-03-14','2023-03-14',0,0,0,0,0,'Directeur Général','00000000',1,'BurCARPAJOUR',9,0,0,0,0,NULL,'Bastos',0,57,'jour',NULL),(78,'BurCARPANUIT','Bur CARPA NUIT',21,NULL,NULL,'En ','2023-03-14','2023-03-14',0,0,0,0,0,'Directeur Général','00000000',1,'BurCARPANUIT',9,0,0,0,0,NULL,'Bastos',0,57,'nuit',NULL),(79,'BurCICR1JOUR','Bur CICR 1 JOUR',39,NULL,NULL,'En ','2023-03-14','2023-03-14',0,0,0,0,0,'Représentant résident ','000000000',1,'BurCICR1JOUR',9,0,0,0,1,NULL,'Basots',0,58,'jour',NULL),(80,'BurCICR1NUIT','Bur CICR 1 NUIT',21,NULL,NULL,'En ','2023-03-14','2023-03-14',0,0,0,0,0,'Représentant résident ','000000000',1,'BurCICR1NUIT',9,0,0,0,1,NULL,'Basots',0,58,'nuit',NULL),(81,'BurCICR2JOUR','Bur CICR 2 JOUR',39,NULL,NULL,'En ','2023-03-14','2023-03-14',0,0,0,0,0,'Représentant résident ','000000000',1,'BurCICR2JOUR',9,0,0,0,1,NULL,'Bastos',0,59,'jour',NULL),(82,'BurCICR2NUIT','Bur CICR 2 NUIT',21,NULL,NULL,'En ','2023-03-14','2023-03-14',0,0,0,0,0,'Représentant résident ','000000000',1,'BurCICR2NUIT',9,0,0,0,1,NULL,'Bastos',0,59,'nuit',NULL),(83,'BurCRSJOUR','Bur CRS JOUR',39,NULL,NULL,'En ','2023-03-14','2023-03-14',0,0,0,0,0,'Directeur Général','000000000',1,'BurCRSJOUR',9,0,0,0,0,NULL,'Bastos',0,60,'jour',NULL),(84,'BurCRSNUIT','Bur CRS NUIT',21,NULL,NULL,'En ','2023-03-14','2023-03-14',0,0,0,0,0,'Directeur Général','000000000',1,'BurCRSNUIT',9,0,0,0,0,NULL,'Bastos',0,60,'nuit',NULL),(85,'BurPASCAMNUIT','Bur PASCAM NUIT',21,NULL,NULL,'En ','2023-03-14','2023-03-14',0,0,0,0,0,'Directeur Général','00000000',1,'BurPASCAMNUIT',9,0,0,0,0,NULL,'Bastos',0,61,'nuit',NULL),(86,'Cab.Med.InnelJOUR','Cab. Med. Innel JOUR',39,NULL,NULL,'En ','2023-03-14','2023-03-14',0,0,0,0,0,'Directeur Général','000000000',1,'Cab.Med.InnelJOUR',9,0,0,0,0,NULL,'Bastos',0,62,'jour',NULL),(87,'Cab.Med.InnelNUIT','Cab. Med. Innel NUIT',21,NULL,NULL,'En ','2023-03-14','2023-03-14',0,0,0,0,0,'Directeur Général','000000000',1,'Cab.Med.InnelNUIT',9,0,0,0,0,NULL,'Bastos',0,62,'nuit',NULL),(88,'BurFNUAPJOUR','Bur FNUAP  JOUR',39,NULL,NULL,'En ','2023-03-14','2023-03-14',0,0,0,0,0,'Représetant résident ','00000000',1,'BurFNUAPJOUR',9,0,0,0,1,NULL,'Bastos',0,63,'jour',NULL),(89,'BurFNUAPNUIT','Bur FNUAP  NUIT',21,NULL,NULL,'En ','2023-03-14','2023-03-14',0,0,0,0,0,'Représentant résident ','00000000',1,'BurFNUAPNUIT',9,0,0,0,1,NULL,'Bastos',0,63,'nuit',NULL),(90,'ClubSNHJOUR','Club SNH JOUR',39,NULL,NULL,'En ','2023-03-14','2023-03-14',0,0,0,0,0,'Directeur Général','00000000',1,'ClubSNHJOUR',10,0,0,0,0,NULL,'Dragages',0,64,'jour',NULL),(91,'ClubSNHNUIT','Club SNH NUIT',21,NULL,NULL,'En ','2023-03-14','2023-03-14',0,0,0,0,0,'Directeur Général','00000000',1,'ClubSNHNUIT',10,0,0,0,0,NULL,'Dragages',0,64,'nuit',NULL),(92,'ETEKIMBOUMOUAJOUR','ETEKI MBOUMOUA JOUR',39,NULL,NULL,'En ','2023-03-14','2023-03-14',0,0,0,0,0,'ETEKI MBOUMOUA','000000000',1,'ETEKIMBOUMOUAJOUR',9,0,0,0,0,NULL,'Bastos',0,65,'jour',NULL),(93,'ETEKIMBOUMOUANUIT','ETEKI MBOUMOUA NUIT',21,NULL,NULL,'En ','2023-03-14','2023-03-14',0,0,0,0,0,'ETEKI MBOUMOUA','000000000',1,'ETEKIMBOUMOUANUIT',9,0,0,0,0,NULL,'Bastos',0,65,'nuit',NULL),(94,'HtCom.Afr.SudJOUR','Ht Com. Afr. Sud JOUR',39,NULL,NULL,'En ','2023-03-14','2023-03-14',0,0,0,0,0,'Ambassadeur Afrique du Sud au Cameroun','00000000',1,'HtCom.Afr.SudJOUR',9,0,0,0,0,NULL,'Bastos',0,66,'jour',NULL),(95,'HtCom.Afr.SudNUIT','Ht Com. Afr. Sud NUIT',21,NULL,NULL,'En ','2023-03-14','2023-03-14',0,0,0,0,0,'Ambassadeur Afrique du Sud au Cameroun','00000000',1,'HtCom.Afr.SudNUIT',9,0,0,0,0,NULL,'Bastos',0,66,'nuit',NULL),(96,'Res.Afr.SudJOUR','Res. Afr. Sud JOUR',33,NULL,NULL,'En ','2023-03-14','2023-03-14',0,0,0,0,0,'Ambassadeur Afrique du Sud au Cameroun','00000000',1,'Res.Afr.SudJOUR',38,0,0,0,0,NULL,'Golf Bastos',0,147,'jour',NULL),(97,'Res.Afr.SudNUIT','Res. Afr. Sud NUIT',21,NULL,NULL,'En ','2023-03-14','2023-03-14',0,0,0,0,0,'Ambassadeur Afrique du Sud au Cameroun','00000000',1,'Res.Afr.SudNUIT',38,0,0,0,0,NULL,'Golf Bastos',0,147,'nuit',NULL),(98,'ImmGenovesiJOUR','Imm Genovesi JOUR',39,NULL,NULL,'En ','2023-03-14','2023-03-14',0,0,0,0,0,'Gérant','000000000',1,'ImmGenovesiJOUR',9,0,0,0,0,NULL,'Bastos',0,67,'jour',NULL),(99,'ImmGenovesiNUIT','Imm Genovesi NUIT',21,NULL,NULL,'En ','2023-03-14','2023-03-14',0,0,0,0,0,'Gérant','000000000',1,'ImmGenovesiNUIT',9,0,0,0,0,NULL,'Bastos',0,67,'nuit',NULL),(100,'ImmlaSablièreJOUR','Imm la Sablière JOUR',39,NULL,NULL,'En ','2023-03-14','2023-03-14',0,0,0,0,0,'Gérant','000000000',1,'ImmlaSablièreJOUR',9,0,0,0,0,NULL,'Bastos',0,68,'jour',NULL),(101,'ImmlaSablièreNUIT','Imm la Sablière NUIT',21,NULL,NULL,'En ','2023-03-14','2023-03-14',0,0,0,0,0,'Gérant','000000000',1,'ImmlaSablièreNUIT',9,0,0,0,0,NULL,'Bastos',0,68,'nuit',NULL),(102,'ImmPriscilliaJOUR','Imm Priscillia JOUR',39,NULL,NULL,'En ','2023-03-14','2023-03-14',0,0,0,0,0,'Gérant','000000000',1,'ImmPriscilliaJOUR',9,0,0,0,0,NULL,'bastos',0,69,'jour',NULL),(103,'ImmPriscilliaNUIT','Imm Priscillia NUIT',21,NULL,NULL,'En ','2023-03-14','2023-03-14',0,0,0,0,0,'Gérant','000000000',1,'ImmPriscilliaNUIT',9,0,0,0,0,NULL,'bastos',0,69,'nuit',NULL),(104,'Nv.VConsulCANADAJOUR','Nv. V Consul CANADA JOUR',39,NULL,NULL,'En ','2023-03-14','2023-03-14',0,0,0,0,0,'Ambassadeur du CANADA au Cameroun','000000000',1,'Nv.VConsulCANADAJOUR',9,0,0,0,1,NULL,'Bastos',0,70,'jour',NULL),(105,'Nv.VConsulCANADANUIT','Nv. V Consul CANADA NUIT',21,NULL,NULL,'En ','2023-03-14','2023-03-14',0,0,0,0,0,'Ambassadeur du CANADA au Cameroun','000000000',1,'Nv.VConsulCANADANUIT',9,0,0,0,0,NULL,'Bastos',0,70,'nuit',NULL),(106,'R.Conseil.Politi.CANADAJOUR','R. Conseil. Politi. CANADA JOUR',39,NULL,NULL,'En ','2023-03-14','2023-03-14',0,0,0,0,0,'Ambassadeur du CANADA au Cameroun','000000000',1,'R.Conseil.Politi.CANADAJOUR',9,0,0,0,0,NULL,'Bastos',0,71,'jour',NULL),(107,'R.Conseil.Politi.CANADANUIT','R. Conseil. Politi. CANADA NUIT',21,NULL,NULL,'En ','2023-03-14','2023-03-14',0,0,0,0,0,'Ambassadeur du CANADA au Cameroun','000000000',1,'R.Conseil.Politi.CANADANUIT',9,0,0,0,0,NULL,'Bastos',0,71,'nuit',NULL),(108,'Res.HtComCANADAJOUR','Res. Ht Com CANADA JOUR',39,NULL,NULL,'En ','2023-03-14','2023-03-14',0,0,0,0,0,'Ambassadeur du CANADA au Cameroun','000000000',1,'Res.HtComCANADAJOUR',9,0,0,0,1,NULL,'Bastos',0,72,'jour',NULL),(109,'Res.HtComCANADANUIT','Res. Ht Com CANADA NUIT',21,NULL,NULL,'En ','2023-03-14','2023-03-14',0,0,0,0,0,'Ambassadeur du CANADA au Cameroun','000000000',1,'Res.HtComCANADANUIT',9,0,0,0,1,NULL,'Bastos',0,72,'nuit',NULL),(110,'R.ConsulCANADAJOUR','R. Consul CANADA JOUR',39,NULL,NULL,'En ','2023-03-14','2023-03-14',0,0,0,0,0,'Ambassadeur du CANADA au Cameroun','000000000',1,'R.ConsulCANADAJOUR',9,0,0,0,1,NULL,'Bastos',0,73,'jour',NULL),(111,'R.ConsulCANADANUIT','R. Consul CANADA NUIT',21,NULL,NULL,'En ','2023-03-14','2023-03-14',0,0,0,0,0,'Ambassadeur du CANADA au Cameroun','000000000',1,'R.ConsulCANADANUIT',9,0,0,0,1,NULL,'Bastos',0,73,'nuit',NULL),(112,'V.CANADAJOUR','V. CANADA JOUR',39,NULL,NULL,'En ','2023-03-14','2023-03-14',0,0,0,0,0,'Ambassadeur du Canada au Cameroun','000000000',1,'V.CANADAJOUR',9,0,0,0,0,NULL,'Bastos',0,79,'jour',NULL),(113,'V.CANADANUIT','V. CANADA NUIT',21,NULL,NULL,'En ','2023-03-14','2023-03-14',0,0,0,0,0,'Ambassadeur du Canada au Cameroun','000000000',1,'V.CANADANUIT',9,0,0,0,1,NULL,'Bastos',0,79,'nuit',NULL),(114,'HTCom.CANADAJOUR','HT Com. CANADA JOUR',33,NULL,NULL,'En ','2023-03-14','2023-03-14',0,0,0,0,0,'Ambassadeur du Canada au Cameroun','000000000',1,'HTCom.CANADAJOUR',9,0,0,0,1,NULL,'Bastos',0,111,'jour',NULL),(115,'HTCom.CANADANUIT','HT Com. CANADA NUIT',21,NULL,NULL,'En ','2023-03-14','2023-03-14',0,0,0,0,0,'Ambassadeur du Canada au Cameroun','000000000',1,'HTCom.CANADANUIT',9,0,0,0,1,NULL,'Bastos',0,111,'nuit',NULL),(116,'Res.Amb.TurquieJOUR','Res. Amb. Turquie JOUR',39,NULL,NULL,'En ','2023-03-14','2023-03-14',0,0,0,0,0,'Ambassadeur de Turquie au Cameroun','00000000',1,'Res.Amb.TurquieJOUR',9,0,0,0,1,NULL,'Bastos',0,74,'jour',NULL),(117,'Res.Amb.TurquieNUIT','Res. Amb. Turquie NUIT',21,NULL,NULL,'En ','2023-03-14','2023-03-14',0,0,0,0,0,'Ambassadeur de Turquie au Cameroun','00000000',1,'Res.Amb.TurquieNUIT',9,0,0,0,1,NULL,'Bastos',0,74,'nuit',NULL),(118,'Res.MinDelTransportJOUR','Res. Min Del Transport JOUR',39,NULL,NULL,'En ','2023-03-14','2023-03-14',0,0,0,0,0,'Ministre des transports','000000000',1,'Res.MinDelTransportJOUR',9,0,0,0,0,NULL,'Bastos',0,75,'jour',NULL),(119,'Res.MinDelTransportNUIT','Res. Min Del Transport NUIT',21,NULL,NULL,'En ','2023-03-14','2023-03-14',0,0,0,0,0,'Ministre des transports','000000000',1,'Res.MinDelTransportNUIT',9,0,0,0,0,NULL,'Bastos',0,75,'nuit',NULL),(120,'Rest.LeLodgeJOUR','Rest. Le Lodge JOUR',39,NULL,NULL,'En ','2023-03-14','2023-03-14',0,0,0,0,0,'Gérant','000000000',1,'Rest.LeLodgeJOUR',9,0,0,0,0,NULL,'Bastos',0,76,'jour',NULL),(121,'Rest.LeLodgeNUIT','Rest. Le Lodge NUIT',21,NULL,NULL,'En ','2023-03-14','2023-03-14',0,0,0,0,0,'Gérant','000000000',1,'Rest.LeLodgeNUIT',9,0,0,0,0,NULL,'Bastos',0,76,'nuit',NULL),(122,'RoisebetCamerounJOUR','Roisebet Cameroun  JOUR',39,NULL,NULL,'En ','2023-03-14','2023-03-14',0,0,0,0,0,'Directeur Général','000000000',1,'RoisebetCamerounJOUR',9,0,0,0,0,NULL,'Bastos',0,77,'jour',NULL),(123,'RoisebetCamerounNUIT','Roisebet Cameroun  NUIT',21,NULL,NULL,'En ','2023-03-14','2023-03-14',0,0,0,0,0,'Directeur Général','000000000',1,'RoisebetCamerounNUIT',9,0,0,0,0,NULL,'Bastos',0,77,'nuit',NULL),(124,'V.Andeli(ExBeac)JOUR','V. Andeli (Ex Beac) JOUR',39,NULL,NULL,'En ','2023-03-14','2023-03-14',0,0,0,0,0,'Andeli','000000000',1,'V.Andeli(ExBeac)JOUR',9,0,0,0,0,NULL,'Bastos',0,78,'jour',NULL),(125,'V.Andeli(ExBeac)NUIT','V. Andeli (Ex Beac) NUIT',21,NULL,NULL,'En ','2023-03-14','2023-03-14',0,0,0,0,0,'Andeli','000000000',1,'V.Andeli(ExBeac)NUIT',9,0,0,0,0,NULL,'Bastos',0,78,'nuit',NULL),(126,'V.CEDRIC(HCR)JOUR','V. CEDRIC(HCR) JOUR',39,NULL,NULL,'En ','2023-03-14','2023-03-14',0,0,0,0,0,'Cedric','000000000',1,'V.CEDRIC(HCR)JOUR',9,0,0,0,0,NULL,'Bastos',0,80,'jour',NULL),(127,'V.CEDRIC(HCR)NUIT','V. CEDRIC(HCR) NUIT',21,NULL,NULL,'En ','2023-03-14','2023-03-14',0,0,0,0,0,'Cedric','000000000',1,'V.CEDRIC(HCR)NUIT',9,0,0,0,0,NULL,'Bastos',0,80,'nuit',NULL),(128,'V.DGI.I.AJOUR','V. DG I.I.A  JOUR',39,NULL,NULL,'En ','2023-03-14','2023-03-14',0,0,0,0,0,'Directeur Général','000000000',1,'V.DGI.I.AJOUR',9,0,0,0,0,NULL,'Bastos',0,81,'jour',NULL),(129,'V.DGI.I.ANUIT','V. DG I.I.A  NUIT',21,NULL,NULL,'En ','2023-03-14','2023-03-14',0,0,0,0,0,'Directeur Général','000000000',1,'V.DGI.I.ANUIT',9,0,0,0,0,NULL,'Bastos',0,81,'nuit',NULL),(130,'V.DiffalaNUIT','V. Diffala NUIT',21,NULL,NULL,'En ','2023-03-14','2023-03-14',0,0,0,0,0,'Diffala','00000000',1,'V.DiffalaNUIT',9,0,0,0,0,NULL,'Bastos',0,82,'nuit',NULL),(131,'V.EboboBerthrandJOUR','V. Ebobo Berthrand JOUR',39,NULL,NULL,'En ','2023-03-14','2023-03-14',0,0,0,0,0,'Ebobo berthrand','000000000',1,'V.EboboBerthrandJOUR',9,0,0,0,0,NULL,'Bastos',0,83,'jour',NULL),(132,'V.EboboBerthrandNUIT','V. Ebobo Berthrand NUIT',21,NULL,NULL,'En ','2023-03-14','2023-03-14',0,0,0,0,0,'Ebobo berthrand','000000000',1,'V.EboboBerthrandNUIT',9,0,0,0,0,NULL,'Bastos',0,83,'nuit',NULL),(133,'V.EkokoexV.BEHRMAJOUR','V. Ekoko ex V.BEHRMA JOUR',39,NULL,NULL,'En ','2023-03-14','2023-03-14',0,0,0,0,0,'Ekoko','000000000',1,'V.EkokoexV.BEHRMAJOUR',9,0,0,0,0,NULL,'Bastos',0,84,'jour',NULL),(134,'V.EkokoexV.BEHRMANUIT','V. Ekoko ex V.BEHRMA NUIT',21,NULL,NULL,'En ','2023-03-14','2023-03-14',0,0,0,0,0,'Ekoko','000000000',1,'V.EkokoexV.BEHRMANUIT',9,0,0,0,0,NULL,'Bastos',0,84,'nuit',NULL),(135,'V.GreneNUIT','V. Grene NUIT',21,NULL,NULL,'En ','2023-03-14','2023-03-14',0,0,0,0,0,'Grene ','00000000',1,'V.GreneNUIT',9,0,0,0,0,NULL,'Bastos',0,85,'nuit',NULL),(136,'V.IdrisGarbaJOUR','V. Idris Garba JOUR',39,NULL,NULL,'En ','2023-03-14','2023-03-14',0,0,0,0,0,'Idris garba','000000000',1,'V.IdrisGarbaJOUR',9,0,0,0,0,NULL,'bastos',0,86,'jour',NULL),(137,'V.IdrisGarbaNUIT','V. Idris Garba NUIT',21,NULL,NULL,'En ','2023-03-14','2023-03-14',0,0,0,0,0,'Idris garba','000000000',1,'V.IdrisGarbaNUIT',9,0,0,0,0,NULL,'bastos',0,86,'nuit',NULL),(138,'V.KemayouMarieHelNUIT','V. Kemayou Marie Hel NUIT',21,NULL,NULL,'En ','2023-03-14','2023-03-14',0,0,0,0,0,'Kemayou Marie Helene','000000000',1,'V.KemayouMarieHelNUIT',9,0,0,0,0,NULL,'bastos',0,87,'nuit',NULL),(139,'V.LabbeJOUR','V. Labbe JOUR',39,NULL,NULL,'En ','2023-03-14','2023-03-14',0,0,0,0,0,'Labbe','000000000',1,'V.LabbeJOUR',9,0,0,0,0,NULL,'Bastos',0,88,'jour',NULL),(140,'V.LabbeNUIT','V. Labbe NUIT',21,NULL,NULL,'En ','2023-03-14','2023-03-14',0,0,0,0,0,'Labbe','000000000',1,'V.LabbeNUIT',9,0,0,0,0,NULL,'Bastos',0,88,'nuit',NULL),(141,'V.Mbella(SRC)JOUR','V. Mbella (SRC) JOUR',39,NULL,NULL,'En ','2023-03-14','2023-03-14',0,0,0,0,0,'Mbella','000000000',1,'V.Mbella(SRC)JOUR',9,0,0,0,0,NULL,'Bastos',0,89,'jour',NULL),(142,'V.Mbella(SRC)NUIT','V. Mbella (SRC) NUIT',21,NULL,NULL,'En ','2023-03-14','2023-03-14',0,0,0,0,0,'Mbella','000000000',1,'V.Mbella(SRC)NUIT',9,0,0,0,0,NULL,'Bastos',0,89,'nuit',NULL),(143,'V.MeMUNANUIT','V. Me MUNA NUIT',21,NULL,NULL,'En ','2023-03-14','2023-03-14',0,0,0,0,0,'Me MUNA','00000000',1,'V.MeMUNANUIT',9,0,0,0,0,NULL,'Bastos',0,90,'nuit',NULL),(144,'V.MirianSteinJOUR','V. Mirian Stein  JOUR',39,NULL,NULL,'En ','2023-03-14','2023-03-14',0,0,0,0,0,'MIRIAN STEIN','000000000',1,'V.MirianSteinJOUR',9,0,0,0,0,NULL,'Bastos',0,91,'jour',NULL),(145,'V.MirianSteinNUIT','V. Mirian Stein  NUIT',21,NULL,NULL,'En ','2023-03-14','2023-03-14',0,0,0,0,0,'MIRIAN STEIN','000000000',1,'V.MirianSteinNUIT',9,0,0,0,0,NULL,'Bastos',0,91,'nuit',NULL),(147,'V.MoyoTheophileNUIT','V. Moyo Theophile NUIT',21,NULL,NULL,'En ','2023-03-14','2023-03-14',0,0,0,0,0,'MOYO THEOPHILE ','00000000',1,'V.MoyoTheophileNUIT',9,0,0,0,0,NULL,'Bastos',0,92,'nuit',NULL),(148,'V.NyaRobertJOUR','V. Nya Robert JOUR',39,NULL,NULL,'En ','2023-03-14','2023-03-14',0,0,0,0,0,'NYA ROBERT','00000000',1,'V.NyaRobertJOUR',9,0,0,0,0,NULL,'Bastos',0,93,'jour',NULL),(149,'V.NyaRobertNUIT','V. Nya Robert NUIT',21,NULL,NULL,'En ','2023-03-14','2023-03-14',0,0,0,0,0,'NYA ROBERT','00000000',1,'V.NyaRobertNUIT',9,0,0,0,0,NULL,'Bastos',0,93,'nuit',NULL),(150,'V.OusmaneMbayeJOUR','V. Ousmane Mbaye JOUR',39,NULL,NULL,'En ','2023-03-14','2023-03-14',0,0,0,0,0,'OUSMANE MBAYE','000000000',1,'V.OusmaneMbayeJOUR',9,0,0,0,0,NULL,'Bastos',0,94,'jour',NULL),(151,'V.OusmaneMbayeNUIT','V. Ousmane Mbaye NUIT',21,NULL,NULL,'En ','2023-03-14','2023-03-14',0,0,0,0,0,'OUSMANE MBAYE','000000000',1,'V.OusmaneMbayeNUIT',9,0,0,0,0,NULL,'Bastos',0,94,'nuit',NULL),(152,'ZibraInterNUIT','Zibra Inter NUIT',21,NULL,NULL,'En ','2023-03-14','2023-03-14',0,0,0,0,0,'Directeur général','000000000',1,'ZibraInterNUIT',9,0,0,0,0,NULL,'Bastos',0,97,'nuit',NULL),(153,'ApptBONOMONUIT','Appt BONOMO NUIT',21,NULL,NULL,'En ','2023-03-14','2023-03-14',0,0,0,0,0,'Bonomo','000000000',1,'ApptBONOMONUIT',9,0,0,0,0,NULL,'Bastos',0,100,'nuit',NULL),(154,'ApptChefMissionOIMNUIT','Appt Chef Mission OIM NUIT',21,NULL,NULL,'En ','2023-03-14','2023-03-14',0,0,0,0,0,'Représentant Résident ','00000000',1,'ApptChefMissionOIMNUIT',9,0,0,0,0,NULL,'Bastos',0,102,'nuit',NULL),(155,'OIM(NU)JOUR','OIM(NU) JOUR',39,NULL,NULL,'En ','2023-03-14','2023-03-14',0,0,0,0,0,'Représentant Résident ','000000000',1,'OIM(NU)JOUR',9,0,0,0,0,NULL,'Bastos',0,103,'jour',NULL),(156,'OIM(NU)NUIT','OIM(NU) NUIT',21,NULL,NULL,'En ','2023-03-14','2023-03-14',0,0,0,0,0,'Représentant Résident ','000000000',1,'OIM(NU)NUIT',9,0,0,0,0,NULL,'Bastos',0,103,'nuit',NULL),(157,'ApptTamatoSaramaNUIT','Appt Tamato Sarama  NUIT',21,NULL,NULL,'En ','2023-03-14','2023-03-14',0,0,0,0,0,'Tamato Samara','000000000',1,'ApptTamatoSaramaNUIT',9,0,0,0,0,NULL,'Bastos',0,104,'nuit',NULL),(158,'ApptTchefu(NU)NUIT','Appt Tchefu (NU) NUIT',21,NULL,NULL,'En ','2023-03-14','2023-03-14',0,0,0,0,0,'Tchefu','000000000',1,'ApptTchefu(NU)NUIT',9,0,0,0,0,NULL,'Bastos',0,105,'nuit',NULL),(159,'BurEDF/AMOAJOUR','Bur EDF/AMOA JOUR',33,NULL,NULL,'En ','2023-03-14','2023-03-14',0,0,0,0,0,'Directeur Général','000000000',1,'BurEDF/AMOAJOUR',9,0,0,0,0,NULL,'Bastos',0,106,'jour',NULL),(160,'BurEDF/AMOANUIT','Bur EDF/AMOA NUIT',21,NULL,NULL,'En ','2023-03-14','2023-03-14',0,0,0,0,0,'Directeur Général','000000000',1,'BurEDF/AMOANUIT',9,0,0,0,0,NULL,'Bastos',0,106,'nuit',NULL),(161,'Dir.Genr.MSFJOUR','Dir.Genr.MSF JOUR',33,NULL,NULL,'En ','2023-03-14','2023-03-14',0,0,0,0,0,'Directeur Général','000000000',1,'Dir.Genr.MSFJOUR',9,0,0,0,0,NULL,'Bastos',0,108,'jour',NULL),(162,'Dir.Genr.MSFNUIT','Dir.Genr.MSF NUIT',21,NULL,NULL,'En ','2023-03-14','2023-03-14',0,0,0,0,0,'Directeur Général','000000000',1,'Dir.Genr.MSFNUIT',9,0,0,0,0,NULL,'Bastos',0,108,'nuit',NULL),(163,'MSF(BurAnnexe)JOUR','MSF(Bur Annexe) JOUR',39,NULL,NULL,'En ','2023-03-14','2023-03-14',0,0,0,0,0,'Directeur Général','000000000',1,'MSF(BurAnnexe)JOUR',9,0,0,0,0,NULL,'Bastos',0,109,'jour',NULL),(164,'MSF(BurAnnexe)NUIT','MSF(Bur Annexe) NUIT',21,NULL,NULL,'En ','2023-03-14','2023-03-14',0,0,0,0,0,'Directeur Général','000000000',1,'MSF(BurAnnexe)NUIT',9,0,0,0,0,NULL,'Bastos',0,109,'nuit',NULL),(165,'EMIMANDIHOKUBWAYNUIT','EMIMA NDIHOKUBWAY NUIT',21,NULL,NULL,'En ','2023-03-14','2023-03-14',0,0,0,0,0,'EMIMA NDIHOKUBWAY','00000000',1,'EMIMANDIHOKUBWAYNUIT',9,0,0,0,0,NULL,'Bastos',0,110,'nuit',NULL),(166,'SCIJakarandaNUIT','SCI Jakaranda NUIT',21,NULL,NULL,'En ','2023-03-14','2023-03-14',0,0,0,0,0,'Directeur Général','00000000',1,'SCIJakarandaNUIT',9,0,0,0,0,NULL,'Bastos',0,112,'nuit',NULL),(167,'SCINovakSquareJOUR','SCI Novak Square JOUR',33,NULL,NULL,'En ','2023-03-14','2023-03-14',0,0,0,0,0,'Directeur Général','000000000',1,'SCINovakSquareJOUR',9,0,0,0,0,NULL,'Bastos',0,113,'jour',NULL),(168,'SCINovakSquareNUIT','SCI Novak Square NUIT',21,NULL,NULL,'En ','2023-03-14','2023-03-14',0,0,0,0,0,'Directeur Général','000000000',1,'SCINovakSquareNUIT',9,0,0,0,0,NULL,'Bastos',0,113,'nuit',NULL),(169,'SCISHALISMIJOUR','SCI SHALISMI JOUR',33,NULL,NULL,'En ','2023-03-14','2023-03-14',0,0,0,0,0,'Directeur général','000000000',1,'SCISHALISMIJOUR',9,0,0,0,0,NULL,'Bastos',0,114,'jour',NULL),(170,'SCISHALISMINUIT','SCI SHALISMI NUIT',21,NULL,NULL,'En ','2023-03-14','2023-03-14',0,0,0,0,0,'Directeur général','000000000',1,'SCISHALISMINUIT',9,0,0,0,0,NULL,'Bastos',0,114,'nuit',NULL),(171,'SGBCBastosJOUR','SGBC Bastos JOUR',33,NULL,NULL,'En ','2023-03-14','2023-03-14',0,0,0,0,0,'Directeur D\'agence','000000000',1,'SGBCBastosJOUR',9,0,0,0,0,NULL,'Bastos',0,115,'jour',NULL),(172,'SGBCBastosNUIT','SGBC Bastos NUIT',21,NULL,NULL,'En ','2023-03-14','2023-03-14',0,0,0,0,0,'Directeur D\'agence','000000000',1,'SGBCBastosNUIT',9,0,0,0,0,NULL,'Bastos',0,115,'nuit',NULL),(173,'SteBroadBandNUIT','Ste Broad Band NUIT',21,NULL,NULL,'En ','2023-03-14','2023-03-14',0,0,0,0,0,'Directeur Général','000000000',1,'SteBroadBandNUIT',9,0,0,0,0,NULL,'Bastos',0,116,'nuit',NULL),(174,'TIEC(Bastos)NUIT','TIEC(Bastos) NUIT',21,NULL,NULL,'En ','2023-03-14','2023-03-14',0,0,0,0,0,'Directeur Général','0000000000',1,'TIEC(Bastos)NUIT',9,0,0,0,0,NULL,'Bastos',0,117,'nuit',NULL),(175,'V.AliMadaiBoucarNUIT','V. Ali Madai Boucar NUIT',21,NULL,NULL,'En ','2023-03-14','2023-03-14',0,0,0,0,0,'ALI MADAI BOUCAR','000000000',1,'V.AliMadaiBoucarNUIT',9,0,0,0,0,NULL,'Bastos',0,118,'nuit',NULL),(176,'V.DavidMauselairNUIT','V. David Mauselair NUIT',21,NULL,NULL,'En ','2023-03-14','2023-03-14',0,0,0,0,0,'DAVID MAUSELAIR','000000000',1,'V.DavidMauselairNUIT',9,0,0,0,0,NULL,'Bastos',0,119,'nuit',NULL),(177,'V.DirCAMITOYOTAJOUR','V. Dir CAMI TOYOTA JOUR',33,NULL,NULL,'En ','2023-03-14','2023-03-14',0,0,0,0,0,'Directeur Général CAMI TOYOTA','000000000',1,'V.DirCAMITOYOTAJOUR',9,0,0,0,0,NULL,'Bastos',0,120,'jour',NULL),(178,'V.DirCAMITOYOTANUIT','V. Dir CAMI TOYOTA NUIT',21,NULL,NULL,'En ','2023-03-14','2023-03-14',0,0,0,0,0,'Directeur Général CAMI TOYOTA','000000000',1,'V.DirCAMITOYOTANUIT',9,0,0,0,0,NULL,'Bastos',0,120,'nuit',NULL),(179,'V.DjaidoknaJOUR','V. Djaidokna  JOUR',33,NULL,NULL,'En ','2023-03-14','2023-03-14',0,0,0,0,0,'DJAIDOKNA','00000000',1,'V.DjaidoknaJOUR',9,0,0,0,0,NULL,'Bastos',0,121,'jour',NULL),(180,'V.DjaidoknaNUIT','V. Djaidokna  NUIT',21,NULL,NULL,'En ','2023-03-14','2023-03-14',0,0,0,0,0,'DJAIDOKNA','00000000',1,'V.DjaidoknaNUIT',9,0,0,0,0,NULL,'Bastos',0,121,'nuit',NULL),(181,'V.FrançoisDanielJOUR','V. François Daniel JOUR',33,NULL,NULL,'En ','2023-03-14','2023-03-14',0,0,0,0,0,'FRANCOIS DANIEL','000000000',1,'V.FrançoisDanielJOUR',9,0,0,0,0,NULL,'Bastos',0,122,'jour',NULL),(182,'V.FrançoisDanielNUIT','V. François Daniel NUIT',21,NULL,NULL,'En ','2023-03-14','2023-03-14',0,0,0,0,0,'FRANCOIS DANIEL','000000000',1,'V.FrançoisDanielNUIT',9,0,0,0,0,NULL,'Bastos',0,122,'nuit',NULL),(183,'V.ImmigrationCanadaJOUR','V. Immigration Canada JOUR',33,NULL,NULL,'En ','2023-03-14','2023-03-14',0,0,0,0,0,'Gérant ','000000000',1,'V.ImmigrationCanadaJOUR',9,0,0,0,0,NULL,'bastos',0,123,'jour',NULL),(184,'V.ImmigrationCanadaNUIT','V. Immigration Canada NUIT',21,NULL,NULL,'En ','2023-03-14','2023-03-14',0,0,0,0,0,'Gérant ','000000000',1,'V.ImmigrationCanadaNUIT',9,0,0,0,0,NULL,'bastos',0,123,'nuit',NULL),(185,'V.LemaJOUR','V. Lema JOUR',33,NULL,NULL,'En ','2023-03-14','2023-03-14',0,0,0,0,0,'Lema','00000000',1,'V.LemaJOUR',9,0,0,0,0,NULL,'bastos',0,124,'jour',NULL),(186,'V.LemaNUIT','V. Lema NUIT',21,NULL,NULL,'En ','2023-03-14','2023-03-14',0,0,0,0,0,'Lema','00000000',1,'V.LemaNUIT',9,0,0,0,0,NULL,'bastos',0,124,'nuit',NULL),(187,'V.LeonHardtexV.ABKJOUR','V. Leon Hardt ex V.ABK JOUR',33,NULL,NULL,'En ','2023-03-14','2023-03-14',0,0,0,0,0,'LEON HARDT','000000000',1,'V.LeonHardtexV.ABKJOUR',9,0,0,0,0,NULL,'Bastos',0,125,'jour',NULL),(188,'V.LeonHardtexV.ABKNUIT','V. Leon Hardt ex V.ABK NUIT',21,NULL,NULL,'En ','2023-03-14','2023-03-14',0,0,0,0,0,'LEON HARDT','000000000',1,'V.LeonHardtexV.ABKNUIT',9,0,0,0,0,NULL,'Bastos',0,125,'nuit',NULL),(189,'V.MatarazziJOUR','V. Matarazzi JOUR',33,NULL,NULL,'En ','2023-03-14','2023-03-14',0,0,0,0,0,'MATARAZZI ','000000000',1,'V.MatarazziJOUR',9,0,0,0,0,NULL,'Bastos',0,128,'jour',NULL),(190,'V.MatarazziNUIT','V. Matarazzi NUIT',21,NULL,NULL,'En ','2023-03-14','2023-03-14',0,0,0,0,0,'MATARAZZI ','000000000',1,'V.MatarazziNUIT',9,0,0,0,0,NULL,'Bastos',0,128,'nuit',NULL),(191,'V.MalikoJOUR','V. Maliko JOUR',39,NULL,NULL,'En ','2023-03-14','2023-03-14',0,0,0,0,0,'Maliko','000000000',1,'V.MalikoJOUR',9,0,0,0,0,NULL,'Bastos',0,127,'jour',NULL),(192,'V.MalikoNUIT','V. Maliko NUIT',21,NULL,NULL,'En ','2023-03-14','2023-03-14',0,0,0,0,0,'Maliko','000000000',1,'V.MalikoNUIT',9,0,0,0,0,NULL,'Bastos',0,127,'nuit',NULL),(193,'V.MaboukaNUIT','V. Mabouka NUIT',21,NULL,NULL,'En ','2023-03-14','2023-03-14',0,0,0,0,0,'Mabouka','000000000',1,'V.MaboukaNUIT',9,0,0,0,0,NULL,'bastos',0,126,'nuit',NULL),(194,'V.MekoloJOUR','V. Mekolo  JOUR',39,NULL,NULL,'En ','2023-03-14','2023-03-14',0,0,0,0,0,'Mekolo','00000000',1,'V.MekoloJOUR',9,0,0,0,0,NULL,'Bastos',0,129,'jour',NULL),(195,'V.MekoloNUIT','V. Mekolo  NUIT',21,NULL,NULL,'En ','2023-03-14','2023-03-14',0,0,0,0,0,'Mekolo','00000000',1,'V.MekoloNUIT',9,0,0,0,0,NULL,'Bastos',0,129,'nuit',NULL),(196,'V.MondongouJOUR','V. Mondongou JOUR',33,NULL,NULL,'En ','2023-03-14','2023-03-14',0,0,0,0,0,'MONDONGOU','00000000',1,'V.MondongouJOUR',37,0,0,0,0,NULL,'Bastos',0,130,'jour',NULL),(197,'V.MondongouNUIT','V. Mondongou NUIT',21,NULL,NULL,'En ','2023-03-14','2023-03-14',0,0,0,0,0,'MONDONGOU','00000000',1,'V.MondongouNUIT',37,0,0,0,0,NULL,'Bastos',0,130,'nuit',NULL),(198,'V.NgameniEx.MasegJOUR','V. Ngameni Ex. Maseg JOUR',33,NULL,NULL,'En ','2023-03-14','2023-03-14',0,0,0,0,0,'Ngameni','000000000',1,'V.NgameniEx.MasegJOUR',9,0,0,0,0,NULL,'Bastos',0,131,'jour',NULL),(199,'V.NgameniEx.MasegNUIT','V. Ngameni Ex. Maseg NUIT',21,NULL,NULL,'En ','2023-03-14','2023-03-14',0,0,0,0,0,'Ngameni','000000000',1,'V.NgameniEx.MasegNUIT',9,0,0,0,0,NULL,'Bastos',0,131,'nuit',NULL),(200,'V.RUHINGUKANUIT','V. RUHINGUKA NUIT',21,NULL,NULL,'En ','2023-03-14','2023-03-14',0,0,0,0,0,'RUHINGUKA','00000000',1,'V.RUHINGUKANUIT',9,0,0,0,0,NULL,'bastos',0,132,'nuit',NULL),(201,'V.SikaliJOUR','V. Sikali JOUR',33,NULL,NULL,'En ','2023-03-14','2023-03-14',0,0,0,0,0,'Sikali','000000000',1,'V.SikaliJOUR',9,0,0,0,0,NULL,'Bastos',0,133,'jour',NULL),(202,'V.SikaliNUIT','V. Sikali NUIT',21,NULL,NULL,'En ','2023-03-14','2023-03-14',0,0,0,0,0,'Sikali','000000000',1,'V.SikaliNUIT',9,0,0,0,0,NULL,'Bastos',0,133,'nuit',NULL),(203,'V.VincentCaronJOUR','V. Vincent Caron  JOUR',33,NULL,NULL,'En ','2023-03-14','2023-03-14',0,0,0,0,0,'VINCENT CARON','00000000000',1,'V.VincentCaronJOUR',9,0,0,0,0,NULL,'Bastos',0,134,'jour',NULL),(204,'V.VincentCaronNUIT','V. Vincent Caron  NUIT',21,NULL,NULL,'En ','2023-03-14','2023-03-14',0,0,0,0,0,'VINCENT CARON','00000000000',1,'V.VincentCaronNUIT',9,0,0,0,0,NULL,'Bastos',0,134,'nuit',NULL),(205,'ApptPatrichDinnalJOUR','Appt Patrich Dinnal JOUR',33,NULL,NULL,'En ','2023-03-14','2023-03-14',0,0,0,0,0,'PATRICH DINNAL','00000000',1,'ApptPatrichDinnalJOUR',38,0,0,0,0,NULL,'Golf Bastos',0,135,'jour',NULL),(206,'ApptPatrichDinnalNUIT','Appt Patrich Dinnal NUIT',21,NULL,NULL,'En ','2023-03-14','2023-03-14',0,0,0,0,0,'PATRICH DINNAL','00000000',1,'ApptPatrichDinnalNUIT',38,0,0,0,0,NULL,'Golf Bastos',0,135,'nuit',NULL),(207,'ChantFoeNdiJOUR','Chant Foe Ndi JOUR',33,NULL,NULL,'En ','2023-03-14','2023-03-14',0,0,0,0,0,'FOE NDI','000000000',1,'ChantFoeNdiJOUR',38,0,0,0,0,NULL,'Golf bastos',0,136,'jour',NULL),(208,'ChantFoeNdiNUIT','Chant Foe Ndi NUIT',21,NULL,NULL,'En ','2023-03-14','2023-03-14',0,0,0,0,0,'FOE NDI','000000000',1,'ChantFoeNdiNUIT',38,0,0,0,0,NULL,'Golf bastos',0,136,'nuit',NULL),(209,'ChantTohotcheuJOUR','Chant Tohotcheu JOUR',33,NULL,NULL,'En ','2023-03-14','2023-03-14',0,0,0,0,0,'TOHOTCHEU','00000000',1,'ChantTohotcheuJOUR',38,0,0,0,0,NULL,'Golf Bastos',0,137,'jour',NULL),(210,'ChantTohotcheuNUIT','Chant Tohotcheu NUIT',21,NULL,NULL,'En ','2023-03-14','2023-03-14',0,0,0,0,0,'TOHOTCHEU','00000000',1,'ChantTohotcheuNUIT',38,0,0,0,0,NULL,'Golf Bastos',0,137,'nuit',NULL),(211,'FodecJOUR','Fodec JOUR',33,NULL,NULL,'En ','2023-03-14','2023-03-14',0,0,0,0,0,'Directeur Général','00000000',1,'FodecJOUR',38,0,0,0,0,NULL,'Golf Bastos',0,138,'jour',NULL),(212,'FodecNUIT','Fodec NUIT',21,NULL,NULL,'En ','2023-03-14','2023-03-14',0,0,0,0,0,'Directeur Général','00000000',1,'FodecNUIT',38,0,0,0,0,NULL,'Golf Bastos',0,138,'nuit',NULL),(213,'GolfClubJOUR','Golf Club JOUR',33,NULL,NULL,'En ','2023-03-14','2023-03-14',0,0,0,0,0,'Directeur Général','00000000',1,'GolfClubJOUR',38,0,0,0,0,NULL,'Golf Bastos',0,139,'jour',NULL),(214,'GolfClubNUIT','Golf Club NUIT',21,NULL,NULL,'En ','2023-03-14','2023-03-14',0,0,0,0,0,'Directeur Général','00000000',1,'GolfClubNUIT',38,0,0,0,0,NULL,'Golf Bastos',0,139,'nuit',NULL),(215,'GpmtdesfôretsJOUR','Gpmt des fôrets JOUR',33,NULL,NULL,'En ','2023-03-14','2023-03-14',0,0,0,0,0,'Directeur Général','000000000',1,'GpmtdesfôretsJOUR',38,0,0,0,0,NULL,'Golf Bastos',0,140,'jour',NULL),(216,'GpmtdesfôretsNUIT','Gpmt des fôrets NUIT',21,NULL,NULL,'En ','2023-03-14','2023-03-14',0,0,0,0,0,'Directeur Général','000000000',1,'GpmtdesfôretsNUIT',38,0,0,0,0,NULL,'Golf Bastos',0,140,'nuit',NULL),(217,'Imm.KouincheJOUR','Imm. Kouinche JOUR',33,NULL,NULL,'En ','2023-03-14','2023-03-14',0,0,0,0,0,'KOUINCHE ','000000000',1,'Imm.KouincheJOUR',38,0,0,0,0,NULL,'Golf Bastos',0,141,'jour',NULL),(218,'Imm.KouincheNUIT','Imm. Kouinche NUIT',21,NULL,NULL,'En ','2023-03-14','2023-03-14',0,0,0,0,0,'KOUINCHE ','000000000',1,'Imm.KouincheNUIT',38,0,0,0,0,NULL,'Golf Bastos',0,141,'nuit',NULL),(219,'Imm.MmeNdjomoJOUR','Imm. Mme Ndjomo JOUR',33,NULL,NULL,'En ','2023-03-14','2023-03-14',0,0,0,0,0,'MME NDJOMO','000000000',1,'Imm.MmeNdjomoJOUR',38,0,0,0,0,NULL,'Golf Bastos',0,142,'jour',NULL),(220,'Imm.MmeNdjomoNUIT','Imm. Mme Ndjomo NUIT',21,NULL,NULL,'En ','2023-03-14','2023-03-14',0,0,0,0,0,'MME NDJOMO','000000000',1,'Imm.MmeNdjomoNUIT',38,0,0,0,0,NULL,'Golf Bastos',0,142,'nuit',NULL),(221,'Imm.MmeNgounouJOUR','Imm. Mme Ngounou JOUR',33,NULL,NULL,'En ','2023-03-14','2023-03-14',0,0,0,0,0,'Mme NGOUNOU','000000000',1,'Imm.MmeNgounouJOUR',38,0,0,0,0,NULL,'Golf Bastos',0,143,'jour',NULL),(222,'Imm.MmeNgounouNUIT','Imm. Mme Ngounou NUIT',21,NULL,NULL,'En ','2023-03-14','2023-03-14',0,0,0,0,0,'Mme NGOUNOU','000000000',1,'Imm.MmeNgounouNUIT',38,0,0,0,0,NULL,'Golf Bastos',0,143,'nuit',NULL),(223,'Imm.TechnoPlusJOUR','Imm. Techno Plus JOUR',33,NULL,NULL,'En ','2023-03-14','2023-03-14',0,0,0,0,0,'Gérant','000000000',1,'Imm.TechnoPlusJOUR',38,0,0,0,0,NULL,'Golf bastos',0,145,'jour',NULL),(224,'Imm.TechnoPlusNUIT','Imm. Techno Plus NUIT',21,NULL,NULL,'En ','2023-03-14','2023-03-14',0,0,0,0,0,'Gérant','000000000',1,'Imm.TechnoPlusNUIT',38,0,0,0,0,NULL,'Golf bastos',0,145,'nuit',NULL),(225,'Imm.NgahaneJOUR','Imm. Ngahane JOUR',33,NULL,NULL,'En ','2023-03-14','2023-03-14',0,0,0,0,0,'NGAHANE','000000000',1,'Imm.NgahaneJOUR',38,0,0,0,0,NULL,'Golf Bastos',0,144,'jour',NULL),(226,'Imm.NgahaneNUIT','Imm. Ngahane NUIT',21,NULL,NULL,'En ','2023-03-14','2023-03-14',0,0,0,0,0,'NGAHANE','000000000',1,'Imm.NgahaneNUIT',38,0,0,0,0,NULL,'Golf Bastos',0,144,'nuit',NULL),(227,'ProjetNHAC(OIM)JOUR','Projet NHAC(OIM) JOUR',33,NULL,NULL,'En ','2023-03-14','2023-03-14',0,0,0,0,0,'Directeur Général','000000000',1,'ProjetNHAC(OIM)JOUR',38,0,0,0,0,NULL,'Golf Bastos',0,146,'jour',NULL),(228,'ProjetNHAC(OIM)NUIT','Projet NHAC(OIM) NUIT',21,NULL,NULL,'En ','2023-03-14','2023-03-14',0,0,0,0,0,'Directeur Général','000000000',1,'ProjetNHAC(OIM)NUIT',38,0,0,0,0,NULL,'Golf Bastos',0,146,'nuit',NULL),(229,'V.AboudoulDiallo(EDF)JOUR','V. Aboudoul Diallo (EDF) JOUR',33,NULL,NULL,'En ','2023-03-14','2023-03-14',0,0,0,0,0,'ABDOUL DIALLO','000000000',1,'V.AboudoulDiallo(EDF)JOUR',38,0,0,0,0,NULL,'Golf Bastos',0,148,'jour',NULL),(230,'V.AboudoulDiallo(EDF)NUIT','V. Aboudoul Diallo (EDF) NUIT',21,NULL,NULL,'En ','2023-03-14','2023-03-14',0,0,0,0,0,'ABDOUL DIALLO','000000000',1,'V.AboudoulDiallo(EDF)NUIT',38,0,0,0,0,NULL,'Golf Bastos',0,148,'nuit',NULL),(231,'V.Coordo.N.UJOUR','V. Coordo.N.U JOUR',33,NULL,NULL,'En ','2023-03-14','2023-03-14',0,0,0,0,0,'Représentant Résident ','00000000',1,'V.Coordo.N.UJOUR',38,0,0,0,0,NULL,'Golf Bastos',0,149,'jour',NULL),(232,'V.Coordo.N.UNUIT','V. Coordo.N.U NUIT',21,NULL,NULL,'En ','2023-03-14','2023-03-14',0,0,0,0,0,'Représentant Résident ','00000000',1,'V.Coordo.N.UNUIT',38,0,0,0,1,NULL,'Golf Bastos',0,149,'nuit',NULL),(233,'V.DeoBismwaB.(HCR)JOUR','V. Deo Bismwa B.(HCR) JOUR',33,NULL,NULL,'En ','2023-03-14','2023-03-14',0,0,0,0,0,'DEO BISMAWA','00000000',1,'V.DeoBismwaB.(HCR)JOUR',38,0,0,0,0,NULL,'Golf Bastos',0,150,'jour',NULL),(234,'V.DeoBismwaB.(HCR)NUIT','V. Deo Bismwa B.(HCR) NUIT',21,NULL,NULL,'En ','2023-03-14','2023-03-14',0,0,0,0,0,'DEO BISMAWA','00000000',1,'V.DeoBismwaB.(HCR)NUIT',38,0,0,0,0,NULL,'Golf Bastos',0,150,'nuit',NULL),(235,'V.HalouneKhaledJOUR','V. Haloune Khaled JOUR',33,NULL,NULL,'En ','2023-03-14','2023-03-14',0,0,0,0,0,'HALOUANE KHALED','000000000',1,'V.HalouneKhaledJOUR',38,0,0,0,0,NULL,'Golf Bastos',0,151,'jour',NULL),(236,'V.HalouneKhaledNUIT','V. Haloune Khaled NUIT',21,NULL,NULL,'En ','2023-03-14','2023-03-14',0,0,0,0,0,'HALOUANE KHALED','000000000',1,'V.HalouneKhaledNUIT',38,0,0,0,0,NULL,'Golf Bastos',0,151,'nuit',NULL),(237,'V.MmeBoignyJOUR','V. Mme Boigny JOUR',33,NULL,NULL,'En ','2023-03-14','2023-03-14',0,0,0,0,0,'BOIGNY','000000000',1,'V.MmeBoignyJOUR',38,0,0,0,0,NULL,'Golf Bastos',0,152,'jour',NULL),(238,'V.MmeBoignyNUIT','V. Mme Boigny NUIT',21,NULL,NULL,'En ','2023-03-14','2023-03-14',0,0,0,0,0,'BOIGNY','000000000',1,'V.MmeBoignyNUIT',38,0,0,0,0,NULL,'Golf Bastos',0,152,'nuit',NULL),(239,'V.Nono(Golf)JOUR','V. Nono(Golf) JOUR',33,NULL,NULL,'En ','2023-03-14','2023-03-14',0,0,0,0,0,'Nono','000000000',1,'V.Nono(Golf)JOUR',38,0,0,0,0,NULL,'Golf Bastos',0,153,'jour',NULL),(240,'V.Nono(Golf)NUIT','V. Nono(Golf) NUIT',21,NULL,NULL,'En ','2023-03-14','2023-03-14',0,0,0,0,0,'Nono','000000000',1,'V.Nono(Golf)NUIT',38,0,0,0,0,NULL,'Golf Bastos',0,153,'nuit',NULL),(241,'MaeturJOUR','Maetur  JOUR',35,NULL,NULL,'En ','2023-03-14','2023-03-14',0,0,0,0,0,'Directeur Général','000000000',1,'MaeturJOUR',24,0,0,0,0,NULL,'Centre Ville',0,45,'jour',NULL),(242,'MaeturNUIT','Maetur  NUIT',27,NULL,NULL,'En ','2023-03-14','2023-03-14',0,0,0,0,0,'Directeur Général','000000000',1,'MaeturNUIT',24,0,0,0,0,NULL,'Centre Ville',0,45,'nuit',NULL),(243,'V.DGAMaeturJOUR','V. DGA Maetur  JOUR',37,NULL,NULL,'En ','2023-03-14','2023-03-14',0,0,0,0,0,'Directeur Général','000000000',1,'V.DGAMaeturJOUR',34,0,0,0,0,NULL,'Mendong',0,46,'jour',NULL),(244,'V.DGAMaeturNUIT','V. DGA Maetur  NUIT',23,NULL,NULL,'En ','2023-03-14','2023-03-14',0,0,0,0,0,'Directeur Général','000000000',1,'V.DGAMaeturNUIT',34,0,0,0,0,NULL,'Mendong',0,46,'nuit',NULL),(245,'MaeturautorouteJOUR','Maetur autoroute JOUR',40,NULL,NULL,'En ','2023-03-14','2023-03-14',0,0,0,0,0,'Autouroute','00000000',1,'MaeturautorouteJOUR',35,0,0,0,0,NULL,'Autouroute',0,47,'jour',NULL),(246,'MaeturautorouteNUIT','Maetur autoroute NUIT',32,NULL,NULL,'En ','2023-03-14','2023-03-14',0,0,0,0,0,'Autouroute','00000000',1,'MaeturautorouteNUIT',35,0,0,0,0,NULL,'Autouroute',0,47,'nuit',NULL),(247,'MaeturOkoloJOUR','Maetur Okolo JOUR',39,NULL,NULL,'En ','2023-03-14','2023-03-14',0,0,0,0,0,'Directeur Général ','00000000',1,'MaeturOkoloJOUR',36,0,0,0,0,NULL,'Bastos',0,48,'jour',NULL),(248,'V.DGMaeturJOUR','V. DG Maetur  JOUR',34,NULL,NULL,'En ','2023-03-14','2023-03-14',0,0,0,0,0,'Directeur Général ','00000000',1,'V.DGMaeturJOUR',23,0,0,0,0,NULL,'Omnisport',0,49,'jour',NULL),(249,'V.DGMaeturNUIT','V. DG Maetur  NUIT',22,NULL,NULL,'En ','2023-03-14','2023-03-14',0,0,0,0,0,'Directeur Général ','00000000',1,'V.DGMaeturNUIT',23,0,0,0,0,NULL,'Omnisport',0,49,'nuit',NULL),(250,'V.PCAMaeturJOUR','V. PCA Maetur JOUR',39,NULL,NULL,'En ','2023-03-14','2023-03-14',0,0,0,0,0,'Directeur Général ','00000000',1,'V.PCAMaeturJOUR',36,0,0,0,0,NULL,'Bastos',0,50,'jour',NULL),(251,'V.PCAMaeturNUIT','V. PCA Maetur NUIT',24,NULL,NULL,'En ','2023-03-14','2023-03-14',0,0,0,0,0,'Directeur Général ','00000000',1,'V.PCAMaeturNUIT',36,0,0,0,0,NULL,'Bastos',0,50,'nuit',NULL);
/*!40000 ALTER TABLE `poste` ENABLE KEYS */;
UNLOCK TABLES;

--
-- Table structure for table `poste_equipement`
--

DROP TABLE IF EXISTS `poste_equipement`;
/*!40101 SET @saved_cs_client     = @@character_set_client */;
/*!50503 SET character_set_client = utf8mb4 */;
CREATE TABLE `poste_equipement` (
  `idposte_equipement` int(11) NOT NULL AUTO_INCREMENT,
  `idposte` int(11) DEFAULT NULL,
  `idequipement` int(11) DEFAULT NULL,
  `quantite` int(11) DEFAULT NULL,
  PRIMARY KEY (`idposte_equipement`),
  KEY `fk_posteequipement_poste_idx` (`idposte`),
  KEY `fk_posteequipement_equipement_idx` (`idequipement`),
  CONSTRAINT `fk_posteequipement_equipement` FOREIGN KEY (`idequipement`) REFERENCES `equipement` (`idequipement`),
  CONSTRAINT `fk_posteequipement_poste` FOREIGN KEY (`idposte`) REFERENCES `poste` (`idposte`)
) ENGINE=InnoDB DEFAULT CHARSET=utf8mb4 COLLATE=utf8mb4_unicode_ci;
/*!40101 SET character_set_client = @saved_cs_client */;

--
-- Dumping data for table `poste_equipement`
--

LOCK TABLES `poste_equipement` WRITE;
/*!40000 ALTER TABLE `poste_equipement` DISABLE KEYS */;
/*!40000 ALTER TABLE `poste_equipement` ENABLE KEYS */;
UNLOCK TABLES;

--
-- Table structure for table `poste_vigile`
--

DROP TABLE IF EXISTS `poste_vigile`;
/*!40101 SET @saved_cs_client     = @@character_set_client */;
/*!50503 SET character_set_client = utf8mb4 */;
CREATE TABLE `poste_vigile` (
  `idposte_vigile` int(11) NOT NULL AUTO_INCREMENT,
  `idposte` int(11) DEFAULT NULL,
  `type_vigile` varchar(45) COLLATE utf8mb4_unicode_ci DEFAULT NULL,
  `quantite` int(11) DEFAULT NULL,
  `horaire` varchar(45) COLLATE utf8mb4_unicode_ci DEFAULT NULL,
  PRIMARY KEY (`idposte_vigile`),
  KEY `fk_postevigile_poste_idx` (`idposte`),
  CONSTRAINT `fk_postevigile_poste` FOREIGN KEY (`idposte`) REFERENCES `poste` (`idposte`)
) ENGINE=InnoDB DEFAULT CHARSET=utf8mb4 COLLATE=utf8mb4_unicode_ci;
/*!40101 SET character_set_client = @saved_cs_client */;

--
-- Dumping data for table `poste_vigile`
--

LOCK TABLES `poste_vigile` WRITE;
/*!40000 ALTER TABLE `poste_vigile` DISABLE KEYS */;
/*!40000 ALTER TABLE `poste_vigile` ENABLE KEYS */;
UNLOCK TABLES;

--
-- Table structure for table `prestation`
--

DROP TABLE IF EXISTS `prestation`;
/*!40101 SET @saved_cs_client     = @@character_set_client */;
/*!50503 SET character_set_client = utf8mb4 */;
CREATE TABLE `prestation` (
  `idprestation` int(11) NOT NULL AUTO_INCREMENT,
  `code` varchar(45) COLLATE utf8mb4_unicode_ci DEFAULT NULL,
  `libelle` varchar(45) COLLATE utf8mb4_unicode_ci DEFAULT NULL,
  PRIMARY KEY (`idprestation`)
) ENGINE=InnoDB DEFAULT CHARSET=utf8mb4 COLLATE=utf8mb4_unicode_ci;
/*!40101 SET character_set_client = @saved_cs_client */;

--
-- Dumping data for table `prestation`
--

LOCK TABLES `prestation` WRITE;
/*!40000 ALTER TABLE `prestation` DISABLE KEYS */;
/*!40000 ALTER TABLE `prestation` ENABLE KEYS */;
UNLOCK TABLES;

--
-- Table structure for table `quartier`
--

DROP TABLE IF EXISTS `quartier`;
/*!40101 SET @saved_cs_client     = @@character_set_client */;
/*!50503 SET character_set_client = utf8mb4 */;
CREATE TABLE `quartier` (
  `idquartier` int(11) NOT NULL AUTO_INCREMENT,
  `code` varchar(45) COLLATE utf8mb4_unicode_ci DEFAULT NULL,
  `nom` varchar(45) COLLATE utf8mb4_unicode_ci DEFAULT NULL,
  `idzone` int(11) DEFAULT NULL,
  PRIMARY KEY (`idquartier`),
  KEY `fk_quartier_zone_idx` (`idzone`),
  CONSTRAINT `fk_quartier_zone` FOREIGN KEY (`idzone`) REFERENCES `zone` (`idzone`)
) ENGINE=InnoDB AUTO_INCREMENT=51 DEFAULT CHARSET=utf8mb4 COLLATE=utf8mb4_unicode_ci;
/*!40101 SET character_set_client = @saved_cs_client */;

--
-- Dumping data for table `quartier`
--

LOCK TABLES `quartier` WRITE;
/*!40000 ALTER TABLE `quartier` DISABLE KEYS */;
INSERT INTO `quartier` VALUES (8,NULL,'Etoa Meki',NULL),(9,NULL,'Bastos',NULL),(10,NULL,'Dragage',NULL),(11,NULL,'Tsinga',NULL),(12,'','Mvan',NULL),(13,'','Olembé',NULL),(14,'','Ngousso',NULL),(15,'','Titi garage',NULL),(16,'','BASTOS',NULL),(17,'','ESSOS',NULL),(18,'','ELIG ESSONO',NULL),(19,'','MELEN',NULL),(20,'2','TINGA',23),(21,'NKOLNDONGO','NKOLNDONGO',35),(22,'','POSTE CENTRALE',NULL),(23,'','Omnisport',NULL),(24,'','Centre ville',NULL),(25,'','Melen ',NULL),(26,'','Hippodrome',NULL),(27,'','Essos',NULL),(28,'','Biyem Assi',NULL),(29,'','Messamendongo',NULL),(30,'','Messassi',NULL),(31,'','Etoudi',NULL),(32,'','Mimboman',NULL),(33,'','Mvog mbi',NULL),(34,'','Mendong',NULL),(35,'','Autouroute',NULL),(36,'','Bastos ',NULL),(37,'','bastos',NULL),(38,'','Golf Bastos',NULL),(39,'','Soa',NULL),(40,'','Ngoa-Ekelle',NULL),(41,'','Melen',NULL),(42,'','Mvolye',NULL),(43,'','Nkolbisson',NULL),(44,'','Olembe',NULL),(45,'','Mballa II',NULL),(46,'','Tropicana',NULL),(47,'','Nsam',NULL),(48,'','Barrière Ahala',NULL),(49,'','Barriere Ahala',NULL),(50,'','Odza',NULL);
/*!40000 ALTER TABLE `quartier` ENABLE KEYS */;
UNLOCK TABLES;

--
-- Table structure for table `statut`
--

DROP TABLE IF EXISTS `statut`;
/*!40101 SET @saved_cs_client     = @@character_set_client */;
/*!50503 SET character_set_client = utf8mb4 */;
CREATE TABLE `statut` (
  `idstatut` int(11) NOT NULL AUTO_INCREMENT,
  `code` varchar(45) COLLATE utf8mb4_unicode_ci DEFAULT NULL,
  `libelle` varchar(45) COLLATE utf8mb4_unicode_ci DEFAULT NULL,
  PRIMARY KEY (`idstatut`)
) ENGINE=InnoDB AUTO_INCREMENT=9 DEFAULT CHARSET=utf8mb4 COLLATE=utf8mb4_unicode_ci;
/*!40101 SET character_set_client = @saved_cs_client */;

--
-- Dumping data for table `statut`
--

LOCK TABLES `statut` WRITE;
/*!40000 ALTER TABLE `statut` DISABLE KEYS */;
INSERT INTO `statut` VALUES (1,NULL,'Absent[e]'),(2,NULL,'Actif[ve]'),(3,NULL,'Licencié[e]'),(4,NULL,'Standby'),(5,NULL,'Suspendu[e]'),(6,NULL,'Demissionné[e]'),(7,NULL,'Décédé[e]'),(8,'Bizarre','Bizarre');
/*!40000 ALTER TABLE `statut` ENABLE KEYS */;
UNLOCK TABLES;

--
-- Table structure for table `suivi_poste`
--

DROP TABLE IF EXISTS `suivi_poste`;
/*!40101 SET @saved_cs_client     = @@character_set_client */;
/*!50503 SET character_set_client = utf8mb4 */;
CREATE TABLE `suivi_poste` (
  `idsuivi_poste` int(11) NOT NULL AUTO_INCREMENT,
  `date_suivi` date DEFAULT NULL,
  `numero` varchar(45) COLLATE utf8mb4_unicode_ci DEFAULT NULL,
  `idvigile` int(11) DEFAULT NULL,
  `poste` int(11) DEFAULT NULL,
  `horaire` varchar(45) COLLATE utf8mb4_unicode_ci DEFAULT NULL,
  `zone` int(11) DEFAULT NULL,
  `statut` varchar(45) COLLATE utf8mb4_unicode_ci DEFAULT NULL,
  `pl` varchar(45) COLLATE utf8mb4_unicode_ci DEFAULT NULL,
  `nombre_absence` varchar(45) COLLATE utf8mb4_unicode_ci DEFAULT NULL,
  `motif_absence` varchar(45) COLLATE utf8mb4_unicode_ci DEFAULT NULL,
  `nombre_sanction` varchar(45) COLLATE utf8mb4_unicode_ci DEFAULT NULL,
  `motif_sanction` varchar(45) COLLATE utf8mb4_unicode_ci DEFAULT NULL,
  `montant_sanction` varchar(45) COLLATE utf8mb4_unicode_ci DEFAULT NULL,
  `commentaire` longtext COLLATE utf8mb4_unicode_ci,
  `date_effet` date DEFAULT NULL,
  PRIMARY KEY (`idsuivi_poste`),
  KEY `fk__suivi_poste__zone_idx` (`zone`),
  KEY `fk__suivi_poste__poste_idx` (`poste`),
  KEY `fk__suivi_poste__vigile_idx` (`idvigile`),
  CONSTRAINT `fk__suivi_poste__poste` FOREIGN KEY (`poste`) REFERENCES `poste` (`idposte`),
  CONSTRAINT `fk__suivi_poste__vigile` FOREIGN KEY (`idvigile`) REFERENCES `vigile` (`idvigile`),
  CONSTRAINT `fk__suivi_poste__zone` FOREIGN KEY (`zone`) REFERENCES `zone` (`idzone`)
) ENGINE=InnoDB AUTO_INCREMENT=9 DEFAULT CHARSET=utf8mb4 COLLATE=utf8mb4_unicode_ci;
/*!40101 SET character_set_client = @saved_cs_client */;

--
-- Dumping data for table `suivi_poste`
--

LOCK TABLES `suivi_poste` WRITE;
/*!40000 ALTER TABLE `suivi_poste` DISABLE KEYS */;
INSERT INTO `suivi_poste` VALUES (6,'2022-11-10','',58,NULL,'',NULL,NULL,NULL,'0',NULL,NULL,'Absence',NULL,'','2022-11-10'),(8,'2023-02-01','',67,NULL,'',NULL,NULL,NULL,'1',NULL,NULL,'Absence',NULL,'',NULL);
/*!40000 ALTER TABLE `suivi_poste` ENABLE KEYS */;
UNLOCK TABLES;

--
-- Table structure for table `switch`
--

DROP TABLE IF EXISTS `switch`;
/*!40101 SET @saved_cs_client     = @@character_set_client */;
/*!50503 SET character_set_client = utf8mb4 */;
CREATE TABLE `switch` (
  `idswitch` int(11) NOT NULL AUTO_INCREMENT,
  `idaffectation` int(11) DEFAULT NULL,
  `idvigile_base` int(11) DEFAULT NULL,
  `idvigile_switch` int(11) DEFAULT NULL,
  `date` date DEFAULT NULL,
  `statut` varchar(45) COLLATE utf8mb4_unicode_ci DEFAULT NULL,
  PRIMARY KEY (`idswitch`),
  KEY `fk_switch_affectation_idx` (`idaffectation`),
  KEY `fk_switch_vigile_base_idx` (`idvigile_base`),
  KEY `fk_switch_vigile_switch_idx` (`idvigile_switch`),
  CONSTRAINT `fk_switch_affectation` FOREIGN KEY (`idaffectation`) REFERENCES `affectation` (`idaffectation`),
  CONSTRAINT `fk_switch_vigile_base` FOREIGN KEY (`idvigile_base`) REFERENCES `vigile` (`idvigile`),
  CONSTRAINT `fk_switch_vigile_switch` FOREIGN KEY (`idvigile_switch`) REFERENCES `vigile` (`idvigile`)
) ENGINE=InnoDB AUTO_INCREMENT=3 DEFAULT CHARSET=utf8mb4 COLLATE=utf8mb4_unicode_ci;
/*!40101 SET character_set_client = @saved_cs_client */;

--
-- Dumping data for table `switch`
--

LOCK TABLES `switch` WRITE;
/*!40000 ALTER TABLE `switch` DISABLE KEYS */;
INSERT INTO `switch` VALUES (1,147,60,NULL,'2022-12-16','En attente'),(2,167,57,58,'2023-02-01','En attente');
/*!40000 ALTER TABLE `switch` ENABLE KEYS */;
UNLOCK TABLES;

--
-- Table structure for table `vigile`
--

DROP TABLE IF EXISTS `vigile`;
/*!40101 SET @saved_cs_client     = @@character_set_client */;
/*!50503 SET character_set_client = utf8mb4 */;
CREATE TABLE `vigile` (
  `idvigile` int(11) NOT NULL AUTO_INCREMENT,
  `numero` varchar(45) COLLATE utf8mb4_unicode_ci DEFAULT NULL,
  `matricule` varchar(45) COLLATE utf8mb4_unicode_ci DEFAULT NULL,
  `noms` varchar(45) COLLATE utf8mb4_unicode_ci DEFAULT NULL,
  `ref_paie0` varchar(45) COLLATE utf8mb4_unicode_ci DEFAULT NULL,
  `ref_paie` varchar(45) COLLATE utf8mb4_unicode_ci DEFAULT NULL,
  `statut_paie` varchar(45) COLLATE utf8mb4_unicode_ci DEFAULT NULL,
  `dte_nce` date DEFAULT NULL,
  `mum_cni` varchar(45) COLLATE utf8mb4_unicode_ci DEFAULT NULL,
  `ville` int(11) DEFAULT NULL,
  `nationalite` int(11) DEFAULT NULL,
  `tel` varchar(45) COLLATE utf8mb4_unicode_ci DEFAULT NULL,
  `fonction` varchar(45) COLLATE utf8mb4_unicode_ci DEFAULT NULL,
  `date_entree` date DEFAULT NULL,
  `date_sortie` date DEFAULT NULL,
  `debut_conge` date DEFAULT NULL,
  `fin_conge` date DEFAULT NULL,
  `statut` varchar(45) COLLATE utf8mb4_unicode_ci DEFAULT NULL,
  `jour_repos` int(11) DEFAULT NULL,
  `parrain` int(11) DEFAULT NULL,
  `photo` varchar(255) COLLATE utf8mb4_unicode_ci DEFAULT NULL,
  `poste` int(11) DEFAULT NULL,
  `sommeil` varchar(45) COLLATE utf8mb4_unicode_ci DEFAULT NULL,
  `motif` varchar(45) COLLATE utf8mb4_unicode_ci DEFAULT NULL,
  `nom` varchar(45) COLLATE utf8mb4_unicode_ci DEFAULT NULL,
  `prenom` varchar(45) COLLATE utf8mb4_unicode_ci DEFAULT NULL,
  `note` int(11) DEFAULT NULL,
  `quartier` int(11) DEFAULT NULL,
  `zone` int(11) DEFAULT NULL,
  `est_remplacant` tinyint(1) DEFAULT NULL,
  `horaire` varchar(45) COLLATE utf8mb4_unicode_ci DEFAULT NULL,
  `est_remplacant_conge` tinyint(1) DEFAULT NULL,
  `idremplacant_conge` int(11) DEFAULT NULL,
  `image` varchar(255) COLLATE utf8mb4_unicode_ci DEFAULT NULL,
  `dette_conges` int(11) DEFAULT NULL,
  `badge` tinyint(1) DEFAULT NULL,
  PRIMARY KEY (`idvigile`),
  KEY `fk_vigile_ville_idx` (`ville`),
  KEY `fk_vigile_nationalite_idx` (`nationalite`),
  KEY `fk_vigile_zone_idx` (`zone`),
  KEY `fk_vigile_quartier_idx` (`quartier`),
  KEY `fk_vigile_remplancant_conge_idx` (`idremplacant_conge`),
  CONSTRAINT `fk_vigile_nationalite` FOREIGN KEY (`nationalite`) REFERENCES `nationalite` (`idnationalite`),
  CONSTRAINT `fk_vigile_quartier` FOREIGN KEY (`quartier`) REFERENCES `quartier` (`idquartier`),
  CONSTRAINT `fk_vigile_remplancant_conge` FOREIGN KEY (`idremplacant_conge`) REFERENCES `vigile` (`idvigile`),
  CONSTRAINT `fk_vigile_ville` FOREIGN KEY (`ville`) REFERENCES `ville` (`idville`),
  CONSTRAINT `fk_vigile_zone` FOREIGN KEY (`zone`) REFERENCES `zone` (`idzone`)
) ENGINE=InnoDB AUTO_INCREMENT=77 DEFAULT CHARSET=utf8mb4 COLLATE=utf8mb4_unicode_ci;
/*!40101 SET character_set_client = @saved_cs_client */;

--
-- Dumping data for table `vigile`
--

LOCK TABLES `vigile` WRITE;
/*!40000 ALTER TABLE `vigile` DISABLE KEYS */;
INSERT INTO `vigile` VALUES (57,'','123456789','Muanza Kangudie',NULL,NULL,NULL,'1989-10-31','123456789',1,1,'696543495','AGENT','2019-10-27','2050-06-15','2022-10-27','2022-11-16','',4,NULL,NULL,NULL,NULL,NULL,'Muanza','Kangudie',NULL,8,NULL,0,'jour',0,NULL,'',NULL,0),(58,'','147852369','Eric Garcia ',NULL,NULL,NULL,'2001-11-04','123456789',1,1,'698754215','AGENT','2022-10-31','2050-06-15','2023-10-31','2023-11-27','',6,NULL,NULL,NULL,NULL,NULL,'Eric Garcia','',NULL,8,NULL,1,'journuit',0,NULL,'',5,0),(59,'','147852369','Fogne Jean Pierre',NULL,NULL,NULL,'2002-10-06','123456789',1,1,'677889944','AGENT','2022-11-01','2050-06-15','2023-11-01','2023-11-21','2',5,57,NULL,NULL,NULL,NULL,'Fogne','Jean Pierre',NULL,12,NULL,0,'jour',0,NULL,'',0,0),(60,'','147','Tientcheu Larry Jordan',NULL,NULL,NULL,'2002-06-02','123456789',1,1,'633225544','AGENT','2022-11-01','2050-06-15','2023-11-01','2023-11-21','',4,NULL,NULL,NULL,NULL,NULL,'Tientcheu','Larry Jordan',NULL,10,NULL,0,'jour',0,NULL,'',0,0),(61,'','147','Ledanjo Robert',NULL,NULL,NULL,'2001-11-05','123456789',1,1,'696543495','AGENT','2022-11-01','2050-06-15','2023-11-01','2023-11-21','1',2,NULL,NULL,NULL,NULL,NULL,'Ledanjo','Robert',NULL,13,NULL,1,'',0,NULL,'',0,0),(62,'','002','SALAO HASSAN',NULL,NULL,NULL,'1992-11-05','25225211156',1,1,'652367897','AGENT','2022-11-07','2050-06-15','2023-11-07','2023-11-27','2',5,57,NULL,NULL,NULL,NULL,'SALAO','HASSAN',NULL,10,NULL,0,'jour',0,NULL,'',0,0),(63,'','445','KAMENI JOSE ANTHONY MBARGA',NULL,NULL,NULL,'1992-08-11','125521425',1,2,'675184296','AGENT','2022-11-07','2050-06-15','2023-11-07','2023-11-27','2',1,57,NULL,NULL,NULL,NULL,'KAMENI JOSE ANTHONY','MBARGA',NULL,8,NULL,0,'jour',0,NULL,'',0,0),(64,'','663','ALILOU OUMAROU OUMAROU',NULL,NULL,NULL,'2004-11-11','365896654',1,1,'696541236','AGENT','2022-11-07','2050-06-15','2023-11-07','2023-11-27','2',4,62,NULL,NULL,NULL,NULL,'ALILOU OUMAROU','OUMAROU',NULL,15,NULL,0,'nuit',0,NULL,'',0,0),(65,'','212','TAPKO KEVIN',NULL,NULL,NULL,'2004-11-11','2565748945',1,1,'658996445','AGENT','2022-11-07','2050-06-15','2023-11-07','2023-11-27','2',3,64,NULL,NULL,NULL,NULL,'TAPKO','KEVIN',NULL,11,NULL,0,'nuit',0,NULL,'',0,0),(66,'','1454','Gounoko Younous ',NULL,NULL,NULL,'2004-11-11','145544855',2,1,'6589645236','AGENT','2022-11-07','2050-06-15','2023-11-07','2023-11-27','2',7,62,NULL,NULL,NULL,NULL,'Gounoko Younous','',NULL,13,NULL,1,'journuit',0,NULL,'',0,0),(67,'','123','Mbongo louis bitol',NULL,NULL,NULL,'2003-02-14','1234456',1,1,'696846416','ESCORTEUR','2022-11-10','2050-06-15','2023-11-10','2023-11-30','2',1,NULL,NULL,NULL,NULL,NULL,'Mbongo','louis bitol',NULL,9,NULL,0,'jour',0,NULL,'',0,0),(68,'','1233','DEBANGUER RODRIGUE',NULL,NULL,NULL,'2004-10-14','123456',1,1,'690023663','AGENT','2022-11-10','2050-06-15','2023-11-10','2023-11-30','2',2,66,NULL,NULL,NULL,NULL,'DEBANGUER','RODRIGUE',NULL,8,NULL,1,'journuit',0,NULL,'',0,0),(69,'','922761451','BIKOUEH FOMO  PIERRE',NULL,NULL,NULL,'1995-09-19','113688433',1,1,'693137928','AGENT','2022-03-08',NULL,'2023-03-08','2023-03-28','2',0,NULL,NULL,NULL,NULL,NULL,'BIKOUEH FOMO ','PIERRE',NULL,21,NULL,0,'jour',0,NULL,'',0,0),(70,'','7572','CHE EMMANUEL  TEM',NULL,NULL,NULL,'1978-11-13','118263893',1,1,'697456163','AGENT','2016-09-10',NULL,'2022-09-10','2022-09-29','2',0,NULL,NULL,NULL,NULL,NULL,'CHE EMMANUEL ','TEM',NULL,NULL,NULL,1,'',0,NULL,'',0,0),(71,'','922762130','KANDI  ALAIN',NULL,NULL,NULL,'1998-12-02','KIT187CE69',1,1,'693087249','AGENT','2022-10-09',NULL,'2023-10-09','2023-10-27','2',0,NULL,NULL,NULL,NULL,NULL,'KANDI ','ALAIN',NULL,18,NULL,0,'jour',0,NULL,'',0,0),(72,'','1234','ABOUNA  LOUIS REMY',NULL,NULL,NULL,'1967-07-17','114303854',1,1,'674372411','AGENT','2022-07-20',NULL,'2023-07-20','2023-08-09','2',0,58,NULL,NULL,NULL,NULL,'ABOUNA ','LOUIS REMY',NULL,16,NULL,0,'jour',0,NULL,'',0,0),(73,'','922761940','BOHKUM  LOUIS NJI',NULL,NULL,NULL,'2002-08-13','101385126',1,1,'683157914','AGENT','2022-08-11',NULL,'2023-08-11','2023-08-31','2',0,NULL,NULL,NULL,NULL,NULL,'BOHKUM',' LOUIS NJI',NULL,20,NULL,0,'jour',0,NULL,'',0,0),(74,'','5784','BILOA   MARIE BEATRICE ARLETTE',NULL,NULL,NULL,'1979-09-09','115801652',1,1,'655768526','AGENT','2015-05-22',NULL,'2022-05-22','2022-06-09','2',7,NULL,NULL,NULL,NULL,NULL,'BILOA ',' MARIE BEATRICE ARLETTE',NULL,NULL,NULL,0,'jour',0,NULL,'',0,0),(75,'','201327440','DERSO  JONAS',NULL,NULL,NULL,'1975-01-01','117407611',1,1,'698936791','AGENT','2019-06-12',NULL,'2022-06-12','2022-06-30','2',1,NULL,NULL,NULL,NULL,NULL,'DERSO ','JONAS',NULL,16,NULL,0,'jour',0,NULL,'',0,0),(76,'','7859','DILLAH CORMAYE CORMAYE',NULL,NULL,NULL,'1973-03-10','108048930',1,1,'674466340','AGENT','2016-12-09',NULL,'2022-12-09','2022-12-29','2',5,NULL,NULL,NULL,NULL,NULL,'DILLAH CORMAYE','CORMAYE',NULL,NULL,NULL,0,'jour',0,NULL,'',0,0);
/*!40000 ALTER TABLE `vigile` ENABLE KEYS */;
UNLOCK TABLES;

--
-- Table structure for table `vigile_conge`
--

DROP TABLE IF EXISTS `vigile_conge`;
/*!40101 SET @saved_cs_client     = @@character_set_client */;
/*!50503 SET character_set_client = utf8mb4 */;
CREATE TABLE `vigile_conge` (
  `idvigile_conge` int(11) NOT NULL AUTO_INCREMENT,
  `idvigile` int(11) DEFAULT NULL,
  `date_debut` date DEFAULT NULL,
  `date_fin` date DEFAULT NULL,
  PRIMARY KEY (`idvigile_conge`),
  KEY `fk_vigileconge_vigile_idx` (`idvigile`),
  CONSTRAINT `fk_vigileconge_vigile` FOREIGN KEY (`idvigile`) REFERENCES `vigile` (`idvigile`)
) ENGINE=InnoDB DEFAULT CHARSET=utf8mb4 COLLATE=utf8mb4_unicode_ci;
/*!40101 SET character_set_client = @saved_cs_client */;

--
-- Dumping data for table `vigile_conge`
--

LOCK TABLES `vigile_conge` WRITE;
/*!40000 ALTER TABLE `vigile_conge` DISABLE KEYS */;
/*!40000 ALTER TABLE `vigile_conge` ENABLE KEYS */;
UNLOCK TABLES;

--
-- Table structure for table `ville`
--

DROP TABLE IF EXISTS `ville`;
/*!40101 SET @saved_cs_client     = @@character_set_client */;
/*!50503 SET character_set_client = utf8mb4 */;
CREATE TABLE `ville` (
  `idville` int(11) NOT NULL AUTO_INCREMENT,
  `code` varchar(45) COLLATE utf8mb4_unicode_ci DEFAULT NULL,
  `libelle` varchar(45) COLLATE utf8mb4_unicode_ci DEFAULT NULL,
  PRIMARY KEY (`idville`)
) ENGINE=InnoDB AUTO_INCREMENT=12 DEFAULT CHARSET=utf8mb4 COLLATE=utf8mb4_unicode_ci;
/*!40101 SET character_set_client = @saved_cs_client */;

--
-- Dumping data for table `ville`
--

LOCK TABLES `ville` WRITE;
/*!40000 ALTER TABLE `ville` DISABLE KEYS */;
INSERT INTO `ville` VALUES (1,'YDE','Yaoundé'),(2,'KRB','Kribi'),(3,'DLA','Douala'),(11,'GRA','GAROUA');
/*!40000 ALTER TABLE `ville` ENABLE KEYS */;
UNLOCK TABLES;

--
-- Table structure for table `zone`
--

DROP TABLE IF EXISTS `zone`;
/*!40101 SET @saved_cs_client     = @@character_set_client */;
/*!50503 SET character_set_client = utf8mb4 */;
CREATE TABLE `zone` (
  `idzone` int(11) NOT NULL AUTO_INCREMENT,
  `code` varchar(45) COLLATE utf8mb4_unicode_ci DEFAULT NULL,
  `libelle` varchar(45) COLLATE utf8mb4_unicode_ci DEFAULT NULL,
  `horaire` varchar(45) COLLATE utf8mb4_unicode_ci DEFAULT NULL,
  `idville` int(11) DEFAULT NULL,
  PRIMARY KEY (`idzone`),
  KEY `fk_zone_ville_idx` (`idville`),
  CONSTRAINT `fk_zone_ville` FOREIGN KEY (`idville`) REFERENCES `ville` (`idville`)
) ENGINE=InnoDB AUTO_INCREMENT=42 DEFAULT CHARSET=utf8mb4 COLLATE=utf8mb4_unicode_ci;
/*!40101 SET character_set_client = @saved_cs_client */;

--
-- Dumping data for table `zone`
--

LOCK TABLES `zone` WRITE;
/*!40000 ALTER TABLE `zone` DISABLE KEYS */;
INSERT INTO `zone` VALUES (21,'PGA','PGA','nuit',1),(22,'PGB','PGB','nuit',1),(23,'PGC','PGC','nuit',1),(24,'PGE','PGE','nuit',1),(25,'PGD','PGD','nuit',1),(26,'PGF','PGF','nuit',1),(27,'PGI','PGI','nuit',1),(28,'PGK','PGK','nuit',1),(29,'PGR','PGR','nuit',1),(30,'BASE DAK','BASE','nuit',1),(31,'BASE DAK','BASE ','jour',1),(32,'PGU','PGU','nuit',1),(33,'PGJ','PGJ','jour',1),(34,'PGM','PGM','jour',1),(35,'PGO','PGO','jour',1),(36,'PGP','PGP','jour',1),(37,'PGQ','PGQ','jour',1),(38,'PGT','PGT','jour',1),(39,'PGX','PGX','jour',1),(40,'PGZ','PGZ','jour',1),(41,'002','PGV','jour',3);
/*!40000 ALTER TABLE `zone` ENABLE KEYS */;
UNLOCK TABLES;
/*!40103 SET TIME_ZONE=@OLD_TIME_ZONE */;

/*!40101 SET SQL_MODE=@OLD_SQL_MODE */;
/*!40014 SET FOREIGN_KEY_CHECKS=@OLD_FOREIGN_KEY_CHECKS */;
/*!40014 SET UNIQUE_CHECKS=@OLD_UNIQUE_CHECKS */;
/*!40101 SET CHARACTER_SET_CLIENT=@OLD_CHARACTER_SET_CLIENT */;
/*!40101 SET CHARACTER_SET_RESULTS=@OLD_CHARACTER_SET_RESULTS */;
/*!40101 SET COLLATION_CONNECTION=@OLD_COLLATION_CONNECTION */;
/*!40111 SET SQL_NOTES=@OLD_SQL_NOTES */;

-- Dump completed on 2022-12-30 11:21:57
